Row,Predicted
t5,neutral
t4,neutral
t7,neutral
t3,neutral
t2,neutral
t0,neutral
t1,neutral
t6,neutral
t15,neutral
t12,neutral
t8,neutral
t20,neutral
t14,neutral
t23,neutral
t13,neutral
t10,neutral
t9,neutral
t31,neutral
t11,negative
t21,neutral
t18,neutral
t17,neutral
t29,neutral
t28,neutral
t19,neutral
t39,neutral
t36,neutral
t37,neutral
t25,neutral
t45,neutral
t26,neutral
t22,neutral
t27,neutral
t33,neutral
t30,neutral
t16,neutral
t35,neutral
t34,negative
t24,neutral
t38,neutral
t47,neutral
t55,neutral
t46,neutral
t53,neutral
t41,neutral
t54,neutral
t43,neutral
t32,negative
t42,neutral
t49,neutral
t51,negative
t62,neutral
t50,neutral
t40,neutral
t57,neutral
t70,neutral
t58,neutral
t59,neutral
t65,positive
t63,neutral
t48,neutral
t78,neutral
t66,neutral
t71,neutral
t73,neutral
t56,neutral
t74,negative
t79,neutral
t90,neutral
t85,neutral
t64,neutral
t92,neutral
t80,neutral
t86,neutral
t67,negative
t61,neutral
t72,negative
t87,neutral
t91,neutral
t93,neutral
t94,neutral
t75,neutral
t69,neutral
t88,neutral
t77,neutral
t44,negative
t89,neutral
t81,negative
t52,neutral
t95,neutral
t84,neutral
t60,neutral
t68,neutral
t76,neutral
t96,neutral
t82,neutral
t83,neutral
t97,neutral
t98,neutral
t99,neutral
t100,neutral
t101,neutral
t102,neutral
t103,neutral
t104,positive
t105,neutral
t106,negative
t107,neutral
t108,negative
t109,neutral
t110,neutral
t111,neutral
t112,neutral
t113,neutral
t114,neutral
t115,neutral
t116,negative
t117,neutral
t118,neutral
t119,neutral
t120,neutral
t121,neutral
t122,neutral
t123,neutral
t124,neutral
t125,negative
t126,neutral
t127,neutral
t128,neutral
t129,neutral
t130,negative
t131,neutral
t132,neutral
t133,neutral
t134,positive
t135,neutral
t136,neutral
t137,neutral
t138,neutral
t139,neutral
t140,neutral
t141,neutral
t142,neutral
t143,neutral
t144,neutral
t145,neutral
t146,neutral
t147,negative
t148,neutral
t149,neutral
t150,neutral
t151,neutral
t152,neutral
t153,negative
t154,neutral
t155,neutral
t156,neutral
t157,neutral
t158,neutral
t159,neutral
t160,negative
t161,neutral
t162,neutral
t163,neutral
t164,neutral
t165,neutral
t166,neutral
t167,neutral
t168,neutral
t169,neutral
t170,neutral
t171,neutral
t172,neutral
t173,neutral
t174,positive
t175,positive
t176,negative
t177,neutral
t178,neutral
t179,neutral
t180,positive
t181,positive
t182,neutral
t183,neutral
t184,neutral
t185,neutral
t186,negative
t187,neutral
t188,neutral
t189,neutral
t190,neutral
t191,neutral
t192,neutral
t193,neutral
t194,neutral
t195,neutral
t196,neutral
t197,neutral
t198,neutral
t199,neutral
t200,neutral
t201,neutral
t202,neutral
t203,neutral
t204,neutral
t205,neutral
t206,neutral
t207,neutral
t208,neutral
t209,neutral
t210,neutral
t211,neutral
t212,neutral
t213,neutral
t214,neutral
t215,neutral
t216,neutral
t217,neutral
t218,neutral
t219,positive
t220,neutral
t221,neutral
t222,neutral
t223,neutral
t224,neutral
t225,neutral
t226,neutral
t227,neutral
t228,neutral
t229,neutral
t230,neutral
t231,neutral
t232,neutral
t233,neutral
t234,neutral
t235,neutral
t236,neutral
t237,neutral
t238,neutral
t239,neutral
t240,neutral
t241,negative
t242,neutral
t243,neutral
t244,negative
t245,neutral
t246,neutral
t247,neutral
t248,neutral
t249,neutral
t250,neutral
t251,neutral
t252,neutral
t253,neutral
t254,neutral
t255,neutral
t256,neutral
t257,neutral
t258,negative
t259,negative
t260,neutral
t261,neutral
t262,neutral
t263,neutral
t264,neutral
t265,negative
t266,negative
t267,negative
t268,positive
t269,neutral
t270,neutral
t271,neutral
t272,neutral
t273,neutral
t274,neutral
t275,neutral
t276,neutral
t277,neutral
t278,neutral
t279,neutral
t280,neutral
t281,negative
t282,neutral
t283,neutral
t284,neutral
t285,neutral
t286,neutral
t287,neutral
t288,neutral
t289,negative
t290,neutral
t291,neutral
t292,neutral
t293,neutral
t294,negative
t295,neutral
t296,neutral
t297,neutral
t298,neutral
t299,negative
t300,neutral
t301,neutral
t302,neutral
t303,neutral
t304,neutral
t305,neutral
t306,neutral
t307,neutral
t308,neutral
t309,positive
t310,neutral
t311,neutral
t312,neutral
t313,negative
t314,neutral
t315,neutral
t316,neutral
t317,positive
t318,neutral
t319,neutral
t320,neutral
t321,neutral
t322,positive
t323,neutral
t324,neutral
t325,negative
t326,neutral
t327,neutral
t328,neutral
t329,neutral
t330,neutral
t331,neutral
t332,neutral
t333,positive
t334,neutral
t335,neutral
t336,neutral
t337,neutral
t338,neutral
t339,neutral
t340,neutral
t341,positive
t342,negative
t343,neutral
t344,neutral
t345,neutral
t346,neutral
t347,neutral
t348,neutral
t349,neutral
t350,neutral
t351,neutral
t352,neutral
t353,neutral
t354,neutral
t355,neutral
t356,neutral
t357,neutral
t358,neutral
t359,neutral
t360,neutral
t361,neutral
t362,neutral
t363,neutral
t364,neutral
t365,neutral
t366,neutral
t367,neutral
t368,neutral
t369,neutral
t370,neutral
t371,neutral
t372,neutral
t373,neutral
t374,neutral
t375,neutral
t376,neutral
t377,neutral
t378,negative
t379,neutral
t380,neutral
t381,neutral
t382,neutral
t383,neutral
t384,neutral
t385,neutral
t386,neutral
t387,neutral
t388,neutral
t389,neutral
t390,neutral
t391,neutral
t392,neutral
t393,neutral
t394,neutral
t395,neutral
t396,negative
t397,neutral
t398,neutral
t399,neutral
t400,neutral
t401,neutral
t402,neutral
t403,neutral
t404,neutral
t405,neutral
t406,neutral
t407,neutral
t408,neutral
t409,neutral
t410,neutral
t411,neutral
t412,neutral
t413,neutral
t414,positive
t415,neutral
t416,neutral
t417,negative
t418,neutral
t419,negative
t420,neutral
t421,neutral
t422,neutral
t423,neutral
t424,neutral
t425,neutral
t426,neutral
t427,neutral
t428,neutral
t429,neutral
t430,neutral
t431,neutral
t432,neutral
t433,neutral
t434,neutral
t435,neutral
t436,neutral
t437,neutral
t438,neutral
t439,neutral
t440,negative
t441,neutral
t442,neutral
t443,neutral
t444,neutral
t445,neutral
t446,neutral
t447,neutral
t448,neutral
t449,neutral
t450,neutral
t451,neutral
t452,neutral
t453,neutral
t454,neutral
t455,neutral
t456,neutral
t457,neutral
t458,neutral
t459,negative
t460,neutral
t461,neutral
t462,neutral
t463,neutral
t464,negative
t465,neutral
t466,neutral
t467,neutral
t468,neutral
t469,neutral
t470,neutral
t471,neutral
t472,neutral
t473,negative
t474,neutral
t475,neutral
t476,neutral
t477,neutral
t478,neutral
t479,neutral
t480,neutral
t481,neutral
t482,neutral
t483,neutral
t484,neutral
t485,neutral
t486,positive
t487,negative
t488,negative
t489,neutral
t490,neutral
t491,neutral
t492,negative
t493,neutral
t494,neutral
t495,neutral
t496,neutral
t497,neutral
t498,negative
t499,neutral
t500,neutral
t501,neutral
t502,neutral
t503,neutral
t504,neutral
t505,neutral
t506,neutral
t507,neutral
t508,neutral
t509,neutral
t510,neutral
t511,positive
t512,neutral
t513,neutral
t514,neutral
t515,neutral
t516,neutral
t517,neutral
t518,neutral
t519,neutral
t520,neutral
t521,neutral
t522,neutral
t523,negative
t524,neutral
t525,neutral
t526,negative
t527,neutral
t528,neutral
t529,neutral
t530,neutral
t531,neutral
t532,neutral
t533,neutral
t534,neutral
t535,neutral
t536,neutral
t537,neutral
t538,neutral
t539,neutral
t540,neutral
t541,neutral
t542,neutral
t543,neutral
t544,neutral
t545,neutral
t546,neutral
t547,neutral
t548,neutral
t549,neutral
t550,neutral
t551,neutral
t552,negative
t553,neutral
t554,neutral
t555,neutral
t556,neutral
t557,neutral
t558,neutral
t559,neutral
t560,neutral
t561,neutral
t562,neutral
t563,neutral
t564,neutral
t565,neutral
t566,neutral
t567,neutral
t568,negative
t569,neutral
t570,neutral
t571,neutral
t572,neutral
t573,neutral
t574,negative
t575,neutral
t576,neutral
t577,neutral
t578,neutral
t579,neutral
t580,neutral
t581,neutral
t582,neutral
t583,neutral
t584,neutral
t585,neutral
t586,neutral
t587,neutral
t588,negative
t589,neutral
t590,neutral
t591,neutral
t592,neutral
t593,negative
t594,neutral
t595,neutral
t596,neutral
t597,neutral
t598,neutral
t599,neutral
t600,neutral
t601,neutral
t602,neutral
t603,neutral
t604,neutral
t605,neutral
t606,neutral
t607,neutral
t608,neutral
t609,neutral
t610,positive
t611,neutral
t612,neutral
t613,negative
t614,neutral
t615,neutral
t616,neutral
t617,neutral
t618,negative
t619,neutral
t620,neutral
t621,neutral
t622,neutral
t623,neutral
t624,neutral
t625,neutral
t626,neutral
t627,neutral
t628,positive
t629,neutral
t630,neutral
t631,neutral
t632,neutral
t633,neutral
t634,neutral
t635,neutral
t636,neutral
t637,neutral
t638,neutral
t639,neutral
t640,neutral
t641,positive
t642,neutral
t643,neutral
t644,negative
t645,neutral
t646,neutral
t647,neutral
t648,neutral
t649,neutral
t650,neutral
t651,neutral
t652,neutral
t653,neutral
t654,neutral
t655,neutral
t656,negative
t657,neutral
t658,neutral
t659,negative
t660,neutral
t661,neutral
t662,neutral
t663,neutral
t664,neutral
t665,negative
t666,positive
t667,neutral
t668,neutral
t669,neutral
t670,neutral
t671,neutral
t672,neutral
t673,positive
t674,neutral
t675,neutral
t676,neutral
t677,neutral
t678,neutral
t679,neutral
t680,neutral
t681,neutral
t682,neutral
t683,neutral
t684,neutral
t685,neutral
t686,neutral
t687,neutral
t688,neutral
t689,neutral
t690,neutral
t691,neutral
t692,neutral
t693,negative
t694,neutral
t695,neutral
t696,neutral
t697,neutral
t698,neutral
t699,neutral
t700,neutral
t701,neutral
t702,positive
t703,neutral
t704,neutral
t705,neutral
t706,neutral
t707,neutral
t708,neutral
t709,neutral
t710,neutral
t711,neutral
t712,neutral
t713,neutral
t714,neutral
t715,neutral
t716,neutral
t717,neutral
t718,negative
t719,neutral
t720,neutral
t721,neutral
t722,neutral
t723,neutral
t724,neutral
t725,neutral
t726,neutral
t727,neutral
t728,neutral
t729,negative
t730,neutral
t731,negative
t732,neutral
t733,neutral
t734,neutral
t735,neutral
t736,neutral
t737,neutral
t738,neutral
t739,neutral
t740,neutral
t741,neutral
t742,neutral
t743,neutral
t744,negative
t745,neutral
t746,neutral
t747,neutral
t748,neutral
t749,neutral
t750,neutral
t751,neutral
t752,neutral
t753,neutral
t754,neutral
t755,neutral
t756,neutral
t757,neutral
t758,positive
t759,neutral
t760,negative
t761,neutral
t762,neutral
t763,neutral
t764,neutral
t765,neutral
t766,neutral
t767,neutral
t768,negative
t769,neutral
t770,neutral
t771,neutral
t772,neutral
t773,neutral
t774,neutral
t775,neutral
t776,neutral
t777,neutral
t778,positive
t779,neutral
t780,neutral
t781,neutral
t782,neutral
t783,negative
t784,neutral
t785,neutral
t786,neutral
t787,positive
t788,neutral
t789,neutral
t790,neutral
t791,neutral
t792,neutral
t793,neutral
t794,neutral
t795,neutral
t796,positive
t797,neutral
t798,neutral
t799,neutral
t800,neutral
t801,neutral
t802,negative
t803,neutral
t804,neutral
t805,neutral
t806,neutral
t807,neutral
t808,negative
t809,neutral
t810,neutral
t811,negative
t812,neutral
t813,neutral
t814,neutral
t815,neutral
t816,neutral
t817,neutral
t818,positive
t819,neutral
t820,neutral
t821,neutral
t822,neutral
t823,neutral
t824,neutral
t825,negative
t826,neutral
t827,neutral
t828,neutral
t829,neutral
t830,neutral
t831,neutral
t832,neutral
t833,negative
t834,neutral
t835,neutral
t836,neutral
t837,neutral
t838,neutral
t839,neutral
t840,neutral
t841,neutral
t842,neutral
t843,neutral
t844,neutral
t845,neutral
t846,neutral
t847,neutral
t848,neutral
t849,neutral
t850,neutral
t851,neutral
t852,neutral
t853,negative
t854,negative
t855,neutral
t856,neutral
t857,neutral
t858,neutral
t859,neutral
t860,neutral
t861,neutral
t862,neutral
t863,neutral
t864,neutral
t865,neutral
t866,neutral
t867,neutral
t868,neutral
t869,neutral
t870,neutral
t871,neutral
t872,neutral
t873,neutral
t874,neutral
t875,neutral
t876,neutral
t877,neutral
t878,neutral
t879,negative
t880,neutral
t881,neutral
t882,neutral
t883,neutral
t884,neutral
t885,neutral
t886,neutral
t887,neutral
t888,neutral
t889,neutral
t890,neutral
t891,neutral
t892,neutral
t893,neutral
t894,neutral
t895,neutral
t896,neutral
t897,neutral
t898,neutral
t899,negative
t900,neutral
t901,neutral
t902,neutral
t903,neutral
t904,neutral
t905,negative
t906,neutral
t907,neutral
t908,neutral
t909,neutral
t910,neutral
t911,neutral
t912,neutral
t913,neutral
t914,neutral
t915,neutral
t916,neutral
t917,neutral
t918,neutral
t919,neutral
t920,neutral
t921,neutral
t922,neutral
t923,neutral
t924,neutral
t925,neutral
t926,neutral
t927,negative
t928,neutral
t929,neutral
t930,neutral
t931,neutral
t932,neutral
t933,neutral
t934,neutral
t935,neutral
t936,neutral
t937,neutral
t938,neutral
t939,neutral
t940,neutral
t941,neutral
t942,neutral
t943,neutral
t944,neutral
t945,neutral
t946,neutral
t947,neutral
t948,neutral
t949,neutral
t950,neutral
t951,neutral
t952,neutral
t953,negative
t954,neutral
t955,neutral
t956,neutral
t957,neutral
t958,neutral
t959,neutral
t960,neutral
t961,neutral
t962,negative
t963,neutral
t964,neutral
t965,neutral
t966,neutral
t967,neutral
t968,neutral
t969,neutral
t970,positive
t971,neutral
t972,neutral
t973,neutral
t974,neutral
t975,neutral
t976,neutral
t977,neutral
t978,neutral
t979,neutral
t980,neutral
t981,negative
t982,neutral
t983,neutral
t984,neutral
t985,neutral
t986,negative
t987,neutral
t988,neutral
t989,neutral
t990,neutral
t991,neutral
t992,neutral
t993,neutral
t994,neutral
t995,neutral
t996,neutral
t997,neutral
t998,neutral
t999,neutral
t1000,neutral
t1001,neutral
t1002,neutral
t1003,neutral
t1004,neutral
t1005,negative
t1006,neutral
t1007,neutral
t1008,neutral
t1009,neutral
t1010,neutral
t1011,neutral
t1012,neutral
t1013,neutral
t1014,negative
t1015,neutral
t1016,neutral
t1017,neutral
t1018,neutral
t1019,neutral
t1020,neutral
t1021,neutral
t1022,neutral
t1023,negative
t1024,neutral
t1025,neutral
t1026,neutral
t1027,neutral
t1028,neutral
t1029,neutral
t1030,neutral
t1031,neutral
t1032,neutral
t1033,neutral
t1034,neutral
t1035,neutral
t1036,neutral
t1037,neutral
t1038,neutral
t1039,neutral
t1040,positive
t1041,neutral
t1042,neutral
t1043,neutral
t1044,neutral
t1045,neutral
t1046,negative
t1047,neutral
t1048,neutral
t1049,neutral
t1050,negative
t1051,negative
t1052,neutral
t1053,neutral
t1054,neutral
t1055,neutral
t1056,neutral
t1057,neutral
t1058,negative
t1059,neutral
t1060,neutral
t1061,neutral
t1062,positive
t1063,neutral
t1064,neutral
t1065,neutral
t1066,neutral
t1067,neutral
t1068,neutral
t1069,neutral
t1070,neutral
t1071,neutral
t1072,negative
t1073,neutral
t1074,neutral
t1075,neutral
t1076,neutral
t1077,negative
t1078,neutral
t1079,neutral
t1080,neutral
t1081,neutral
t1082,neutral
t1083,neutral
t1084,neutral
t1085,neutral
t1086,neutral
t1087,neutral
t1088,neutral
t1089,neutral
t1090,neutral
t1091,neutral
t1092,neutral
t1093,neutral
t1094,neutral
t1095,positive
t1096,negative
t1097,positive
t1098,neutral
t1099,neutral
t1100,neutral
t1101,negative
t1102,negative
t1103,neutral
t1104,neutral
t1105,neutral
t1106,neutral
t1107,negative
t1108,neutral
t1109,neutral
t1110,neutral
t1111,neutral
t1112,neutral
t1113,neutral
t1114,neutral
t1115,negative
t1116,neutral
t1117,neutral
t1118,neutral
t1119,neutral
t1120,neutral
t1121,neutral
t1122,neutral
t1123,neutral
t1124,neutral
t1125,neutral
t1126,neutral
t1127,neutral
t1128,neutral
t1129,neutral
t1130,neutral
t1131,neutral
t1132,neutral
t1133,neutral
t1134,neutral
t1135,neutral
t1136,neutral
t1137,neutral
t1138,neutral
t1139,neutral
t1140,neutral
t1141,neutral
t1142,neutral
t1143,neutral
t1144,neutral
t1145,neutral
t1146,neutral
t1147,neutral
t1148,neutral
t1149,neutral
t1150,neutral
t1151,negative
t1152,neutral
t1153,neutral
t1154,neutral
t1155,neutral
t1156,neutral
t1157,neutral
t1158,neutral
t1159,neutral
t1160,neutral
t1161,neutral
t1162,neutral
t1163,neutral
t1164,neutral
t1165,neutral
t1166,neutral
t1167,neutral
t1168,neutral
t1169,neutral
t1170,neutral
t1171,neutral
t1172,neutral
t1173,neutral
t1174,neutral
t1175,neutral
t1176,neutral
t1177,neutral
t1178,neutral
t1179,neutral
t1180,neutral
t1181,neutral
t1182,neutral
t1183,neutral
t1184,neutral
t1185,neutral
t1186,neutral
t1187,neutral
t1188,neutral
t1189,neutral
t1190,negative
t1191,positive
t1192,positive
t1193,neutral
t1194,neutral
t1195,neutral
t1196,neutral
t1197,negative
t1198,neutral
t1199,neutral
t1200,neutral
t1201,neutral
t1202,neutral
t1203,neutral
t1204,neutral
t1205,neutral
t1206,neutral
t1207,neutral
t1208,neutral
t1209,neutral
t1210,neutral
t1211,neutral
t1212,neutral
t1213,neutral
t1214,neutral
t1215,neutral
t1216,neutral
t1217,negative
t1218,neutral
t1219,neutral
t1220,neutral
t1221,neutral
t1222,positive
t1223,neutral
t1224,neutral
t1225,neutral
t1226,neutral
t1227,neutral
t1228,neutral
t1229,neutral
t1230,neutral
t1231,neutral
t1232,negative
t1233,neutral
t1234,neutral
t1235,neutral
t1236,neutral
t1237,negative
t1238,neutral
t1239,negative
t1240,neutral
t1241,neutral
t1242,neutral
t1243,negative
t1244,negative
t1245,negative
t1246,neutral
t1247,neutral
t1248,neutral
t1249,neutral
t1250,neutral
t1251,neutral
t1252,neutral
t1253,neutral
t1254,neutral
t1255,neutral
t1256,positive
t1257,neutral
t1258,neutral
t1259,neutral
t1260,neutral
t1261,neutral
t1262,neutral
t1263,neutral
t1264,neutral
t1265,neutral
t1266,neutral
t1267,neutral
t1268,neutral
t1269,neutral
t1270,neutral
t1271,neutral
t1272,neutral
t1273,negative
t1274,neutral
t1275,negative
t1276,negative
t1277,neutral
t1278,neutral
t1279,neutral
t1280,neutral
t1281,neutral
t1282,negative
t1283,neutral
t1284,neutral
t1285,positive
t1286,neutral
t1287,neutral
t1288,neutral
t1289,neutral
t1290,neutral
t1291,positive
t1292,neutral
t1293,neutral
t1294,neutral
t1295,neutral
t1296,neutral
t1297,neutral
t1298,neutral
t1299,neutral
t1300,negative
t1301,neutral
t1302,neutral
t1303,neutral
t1304,neutral
t1305,neutral
t1306,neutral
t1307,neutral
t1308,neutral
t1309,neutral
t1310,neutral
t1311,neutral
t1312,neutral
t1313,neutral
t1314,neutral
t1315,neutral
t1316,neutral
t1317,neutral
t1318,neutral
t1319,neutral
t1320,neutral
t1321,neutral
t1322,neutral
t1323,neutral
t1324,neutral
t1325,neutral
t1326,neutral
t1327,neutral
t1328,negative
t1329,neutral
t1330,neutral
t1331,neutral
t1332,neutral
t1333,neutral
t1334,neutral
t1335,neutral
t1336,neutral
t1337,neutral
t1338,neutral
t1339,neutral
t1340,neutral
t1341,neutral
t1342,neutral
t1343,neutral
t1344,neutral
t1345,neutral
t1346,neutral
t1347,neutral
t1348,neutral
t1349,neutral
t1350,neutral
t1351,neutral
t1352,neutral
t1353,neutral
t1354,neutral
t1355,neutral
t1356,neutral
t1357,positive
t1358,neutral
t1359,neutral
t1360,neutral
t1361,neutral
t1362,neutral
t1363,neutral
t1364,neutral
t1365,neutral
t1366,neutral
t1367,neutral
t1368,neutral
t1369,neutral
t1370,neutral
t1371,neutral
t1372,neutral
t1373,neutral
t1374,neutral
t1375,positive
t1376,neutral
t1377,negative
t1378,neutral
t1379,neutral
t1380,neutral
t1381,neutral
t1382,neutral
t1383,neutral
t1384,neutral
t1385,neutral
t1386,neutral
t1387,neutral
t1388,neutral
t1389,neutral
t1390,neutral
t1391,neutral
t1392,neutral
t1393,neutral
t1394,neutral
t1395,neutral
t1396,neutral
t1397,neutral
t1398,neutral
t1399,neutral
t1400,neutral
t1401,neutral
t1402,neutral
t1403,negative
t1404,neutral
t1405,neutral
t1406,neutral
t1407,neutral
t1408,neutral
t1409,negative
t1410,neutral
t1411,neutral
t1412,neutral
t1413,neutral
t1414,neutral
t1415,neutral
t1416,negative
t1417,neutral
t1418,neutral
t1419,neutral
t1420,neutral
t1421,neutral
t1422,neutral
t1423,neutral
t1424,neutral
t1425,neutral
t1426,neutral
t1427,neutral
t1428,neutral
t1429,neutral
t1430,neutral
t1431,neutral
t1432,neutral
t1433,neutral
t1434,neutral
t1435,neutral
t1436,neutral
t1437,neutral
t1438,neutral
t1439,neutral
t1440,neutral
t1441,neutral
t1442,neutral
t1443,neutral
t1444,neutral
t1445,neutral
t1446,neutral
t1447,neutral
t1448,neutral
t1449,neutral
t1450,neutral
t1451,neutral
t1452,neutral
t1453,neutral
t1454,neutral
t1455,neutral
t1456,neutral
t1457,neutral
t1458,negative
t1459,neutral
t1460,neutral
t1461,positive
t1462,negative
t1463,neutral
t1464,neutral
t1465,neutral
t1466,neutral
t1467,neutral
t1468,neutral
t1469,positive
t1470,neutral
t1471,neutral
t1472,neutral
t1473,neutral
t1474,neutral
t1475,neutral
t1476,neutral
t1477,neutral
t1478,neutral
t1479,neutral
t1480,neutral
t1481,neutral
t1482,neutral
t1483,neutral
t1484,neutral
t1485,neutral
t1486,positive
t1487,neutral
t1488,neutral
t1489,neutral
t1490,positive
t1491,neutral
t1492,neutral
t1493,neutral
t1494,neutral
t1495,neutral
t1496,neutral
t1497,neutral
t1498,neutral
t1499,neutral
t1500,neutral
t1501,neutral
t1502,neutral
t1503,neutral
t1504,neutral
t1505,neutral
t1506,neutral
t1507,negative
t1508,neutral
t1509,neutral
t1510,neutral
t1511,neutral
t1512,neutral
t1513,neutral
t1514,neutral
t1515,neutral
t1516,negative
t1517,neutral
t1518,neutral
t1519,neutral
t1520,neutral
t1521,neutral
t1522,positive
t1523,neutral
t1524,neutral
t1525,neutral
t1526,neutral
t1527,neutral
t1528,neutral
t1529,neutral
t1530,neutral
t1531,neutral
t1532,neutral
t1533,neutral
t1534,neutral
t1535,neutral
t1536,neutral
t1537,neutral
t1538,positive
t1539,neutral
t1540,neutral
t1541,neutral
t1542,neutral
t1543,positive
t1544,neutral
t1545,neutral
t1546,neutral
t1547,neutral
t1548,neutral
t1549,neutral
t1550,negative
t1551,neutral
t1552,neutral
t1553,neutral
t1554,neutral
t1555,neutral
t1556,neutral
t1557,neutral
t1558,neutral
t1559,neutral
t1560,neutral
t1561,neutral
t1562,positive
t1563,neutral
t1564,neutral
t1565,neutral
t1566,neutral
t1567,neutral
t1568,neutral
t1569,negative
t1570,neutral
t1571,neutral
t1572,neutral
t1573,neutral
t1574,neutral
t1575,neutral
t1576,neutral
t1577,neutral
t1578,neutral
t1579,neutral
t1580,neutral
t1581,neutral
t1582,positive
t1583,neutral
t1584,neutral
t1585,neutral
t1586,positive
t1587,neutral
t1588,neutral
t1589,neutral
t1590,neutral
t1591,neutral
t1592,neutral
t1593,neutral
t1594,neutral
t1595,neutral
t1596,neutral
t1597,neutral
t1598,neutral
t1599,negative
t1600,neutral
t1601,neutral
t1602,neutral
t1603,negative
t1604,positive
t1605,neutral
t1606,neutral
t1607,neutral
t1608,neutral
t1609,neutral
t1610,neutral
t1611,neutral
t1612,neutral
t1613,neutral
t1614,neutral
t1615,neutral
t1616,neutral
t1617,neutral
t1618,neutral
t1619,neutral
t1620,neutral
t1621,neutral
t1622,neutral
t1623,neutral
t1624,neutral
t1625,neutral
t1626,neutral
t1627,neutral
t1628,neutral
t1629,neutral
t1630,neutral
t1631,neutral
t1632,neutral
t1633,neutral
t1634,neutral
t1635,neutral
t1636,neutral
t1637,neutral
t1638,neutral
t1639,neutral
t1640,neutral
t1641,neutral
t1642,neutral
t1643,neutral
t1644,neutral
t1645,neutral
t1646,neutral
t1647,neutral
t1648,neutral
t1649,neutral
t1650,neutral
t1651,neutral
t1652,negative
t1653,neutral
t1654,positive
t1655,neutral
t1656,neutral
t1657,neutral
t1658,neutral
t1659,neutral
t1660,neutral
t1661,neutral
t1662,neutral
t1663,neutral
t1664,neutral
t1665,neutral
t1666,neutral
t1667,neutral
t1668,neutral
t1669,neutral
t1670,neutral
t1671,negative
t1672,neutral
t1673,neutral
t1674,neutral
t1675,neutral
t1676,neutral
t1677,negative
t1678,neutral
t1679,neutral
t1680,neutral
t1681,neutral
t1682,neutral
t1683,neutral
t1684,neutral
t1685,neutral
t1686,neutral
t1687,neutral
t1688,neutral
t1689,neutral
t1690,neutral
t1691,neutral
t1692,neutral
t1693,neutral
t1694,neutral
t1695,neutral
t1696,neutral
t1697,neutral
t1698,neutral
t1699,neutral
t1700,neutral
t1701,neutral
t1702,neutral
t1703,negative
t1704,negative
t1705,neutral
t1706,neutral
t1707,neutral
t1708,neutral
t1709,neutral
t1710,neutral
t1711,neutral
t1712,neutral
t1713,neutral
t1714,positive
t1715,neutral
t1716,neutral
t1717,neutral
t1718,neutral
t1719,neutral
t1720,neutral
t1721,neutral
t1722,neutral
t1723,neutral
t1724,neutral
t1725,neutral
t1726,neutral
t1727,neutral
t1728,neutral
t1729,negative
t1730,neutral
t1731,neutral
t1732,neutral
t1733,neutral
t1734,neutral
t1735,neutral
t1736,neutral
t1737,neutral
t1738,neutral
t1739,neutral
t1740,neutral
t1741,neutral
t1742,neutral
t1743,neutral
t1744,neutral
t1745,neutral
t1746,neutral
t1747,neutral
t1748,neutral
t1749,negative
t1750,neutral
t1751,neutral
t1752,neutral
t1753,neutral
t1754,neutral
t1755,neutral
t1756,neutral
t1757,neutral
t1758,neutral
t1759,neutral
t1760,neutral
t1761,neutral
t1762,neutral
t1763,negative
t1764,neutral
t1765,neutral
t1766,neutral
t1767,neutral
t1768,negative
t1769,neutral
t1770,neutral
t1771,neutral
t1772,neutral
t1773,neutral
t1774,neutral
t1775,neutral
t1776,neutral
t1777,neutral
t1778,neutral
t1779,negative
t1780,neutral
t1781,positive
t1782,negative
t1783,neutral
t1784,neutral
t1785,neutral
t1786,positive
t1787,neutral
t1788,negative
t1789,neutral
t1790,neutral
t1791,neutral
t1792,neutral
t1793,neutral
t1794,neutral
t1795,neutral
t1796,neutral
t1797,neutral
t1798,neutral
t1799,neutral
t1800,neutral
t1801,neutral
t1802,neutral
t1803,neutral
t1804,neutral
t1805,neutral
t1806,neutral
t1807,neutral
t1808,neutral
t1809,neutral
t1810,neutral
t1811,neutral
t1812,neutral
t1813,neutral
t1814,neutral
t1815,neutral
t1816,neutral
t1817,positive
t1818,neutral
t1819,neutral
t1820,neutral
t1821,neutral
t1822,neutral
t1823,neutral
t1824,neutral
t1825,neutral
t1826,neutral
t1827,neutral
t1828,neutral
t1829,neutral
t1830,neutral
t1831,neutral
t1832,neutral
t1833,neutral
t1834,neutral
t1835,neutral
t1836,neutral
t1837,neutral
t1838,neutral
t1839,neutral
t1840,neutral
t1841,neutral
t1842,neutral
t1843,neutral
t1844,neutral
t1845,neutral
t1846,neutral
t1847,neutral
t1848,neutral
t1849,neutral
t1850,neutral
t1851,neutral
t1852,neutral
t1853,neutral
t1854,neutral
t1855,neutral
t1856,neutral
t1857,neutral
t1858,neutral
t1859,neutral
t1860,neutral
t1861,neutral
t1862,neutral
t1863,neutral
t1864,negative
t1865,neutral
t1866,neutral
t1867,neutral
t1868,neutral
t1869,neutral
t1870,neutral
t1871,neutral
t1872,neutral
t1873,neutral
t1874,neutral
t1875,neutral
t1876,neutral
t1877,neutral
t1878,neutral
t1879,neutral
t1880,neutral
t1881,neutral
t1882,neutral
t1883,neutral
t1884,neutral
t1885,neutral
t1886,negative
t1887,neutral
t1888,neutral
t1889,neutral
t1890,neutral
t1891,neutral
t1892,neutral
t1893,neutral
t1894,neutral
t1895,neutral
t1896,neutral
t1897,neutral
t1898,neutral
t1899,neutral
t1900,neutral
t1901,neutral
t1902,neutral
t1903,neutral
t1904,neutral
t1905,neutral
t1906,neutral
t1907,neutral
t1908,neutral
t1909,neutral
t1910,neutral
t1911,neutral
t1912,neutral
t1913,neutral
t1914,neutral
t1915,neutral
t1916,neutral
t1917,neutral
t1918,neutral
t1919,neutral
t1920,neutral
t1921,neutral
t1922,neutral
t1923,neutral
t1924,neutral
t1925,neutral
t1926,neutral
t1927,neutral
t1928,neutral
t1929,neutral
t1930,neutral
t1931,neutral
t1932,neutral
t1933,neutral
t1934,neutral
t1935,neutral
t1936,neutral
t1937,neutral
t1938,neutral
t1939,neutral
t1940,neutral
t1941,neutral
t1942,neutral
t1943,neutral
t1944,neutral
t1945,neutral
t1946,neutral
t1947,neutral
t1948,neutral
t1949,neutral
t1950,neutral
t1951,neutral
t1952,neutral
t1953,neutral
t1954,neutral
t1955,neutral
t1956,neutral
t1957,neutral
t1958,neutral
t1959,neutral
t1960,neutral
t1961,neutral
t1962,neutral
t1963,neutral
t1964,neutral
t1965,neutral
t1966,neutral
t1967,neutral
t1968,neutral
t1969,neutral
t1970,neutral
t1971,neutral
t1972,neutral
t1973,neutral
t1974,neutral
t1975,neutral
t1976,neutral
t1977,neutral
t1978,neutral
t1979,negative
t1980,neutral
t1981,neutral
t1982,neutral
t1983,neutral
t1984,neutral
t1985,neutral
t1986,neutral
t1987,neutral
t1988,neutral
t1989,neutral
t1990,neutral
t1991,neutral
t1992,neutral
t1993,neutral
t1994,neutral
t1995,neutral
t1996,neutral
t1997,neutral
t1998,neutral
t1999,neutral
t2000,neutral
t2001,neutral
t2002,negative
t2003,neutral
t2004,neutral
t2005,neutral
t2006,neutral
t2007,neutral
t2008,neutral
t2009,neutral
t2010,neutral
t2011,neutral
t2012,neutral
t2013,neutral
t2014,neutral
t2015,neutral
t2016,neutral
t2017,neutral
t2018,neutral
t2019,neutral
t2020,neutral
t2021,neutral
t2022,neutral
t2023,neutral
t2024,neutral
t2025,neutral
t2026,neutral
t2027,neutral
t2028,neutral
t2029,neutral
t2030,neutral
t2031,neutral
t2032,neutral
t2033,neutral
t2034,neutral
t2035,neutral
t2036,neutral
t2037,neutral
t2038,neutral
t2039,neutral
t2040,neutral
t2041,negative
t2042,negative
t2043,neutral
t2044,neutral
t2045,neutral
t2046,negative
t2047,neutral
t2048,neutral
t2049,neutral
t2050,neutral
t2051,neutral
t2052,neutral
t2053,neutral
t2054,neutral
t2055,neutral
t2056,neutral
t2057,neutral
t2058,neutral
t2059,positive
t2060,neutral
t2061,neutral
t2062,neutral
t2063,neutral
t2064,neutral
t2065,neutral
t2066,neutral
t2067,neutral
t2068,neutral
t2069,neutral
t2070,neutral
t2071,neutral
t2072,positive
t2073,negative
t2074,neutral
t2075,negative
t2076,neutral
t2077,neutral
t2078,neutral
t2079,neutral
t2080,neutral
t2081,neutral
t2082,neutral
t2083,neutral
t2084,neutral
t2085,neutral
t2086,neutral
t2087,neutral
t2088,neutral
t2089,negative
t2090,neutral
t2091,neutral
t2092,neutral
t2093,neutral
t2094,positive
t2095,neutral
t2096,neutral
t2097,neutral
t2098,neutral
t2099,neutral
t2100,neutral
t2101,neutral
t2102,positive
t2103,neutral
t2104,neutral
t2105,negative
t2106,neutral
t2107,neutral
t2108,neutral
t2109,neutral
t2110,neutral
t2111,neutral
t2112,neutral
t2113,neutral
t2114,neutral
t2115,neutral
t2116,neutral
t2117,neutral
t2118,neutral
t2119,neutral
t2120,neutral
t2121,neutral
t2122,neutral
t2123,neutral
t2124,neutral
t2125,neutral
t2126,neutral
t2127,neutral
t2128,neutral
t2129,neutral
t2130,neutral
t2131,neutral
t2132,neutral
t2133,neutral
t2134,neutral
t2135,neutral
t2136,neutral
t2137,neutral
t2138,neutral
t2139,neutral
t2140,neutral
t2141,neutral
t2142,neutral
t2143,neutral
t2144,neutral
t2145,neutral
t2146,neutral
t2147,positive
t2148,neutral
t2149,neutral
t2150,neutral
t2151,neutral
t2152,neutral
t2153,neutral
t2154,neutral
t2155,neutral
t2156,neutral
t2157,neutral
t2158,neutral
t2159,neutral
t2160,neutral
t2161,neutral
t2162,neutral
t2163,neutral
t2164,neutral
t2165,neutral
t2166,neutral
t2167,neutral
t2168,negative
t2169,neutral
t2170,neutral
t2171,positive
t2172,neutral
t2173,neutral
t2174,neutral
t2175,neutral
t2176,positive
t2177,neutral
t2178,neutral
t2179,neutral
t2180,neutral
t2181,neutral
t2182,neutral
t2183,neutral
t2184,neutral
t2185,neutral
t2186,neutral
t2187,neutral
t2188,neutral
t2189,negative
t2190,neutral
t2191,neutral
t2192,neutral
t2193,neutral
t2194,neutral
t2195,neutral
t2196,neutral
t2197,neutral
t2198,neutral
t2199,neutral
t2200,neutral
t2201,neutral
t2202,neutral
t2203,neutral
t2204,neutral
t2205,neutral
t2206,negative
t2207,neutral
t2208,neutral
t2209,neutral
t2210,neutral
t2211,negative
t2212,neutral
t2213,neutral
t2214,neutral
t2215,neutral
t2216,neutral
t2217,positive
t2218,neutral
t2219,neutral
t2220,neutral
t2221,neutral
t2222,neutral
t2223,neutral
t2224,positive
t2225,neutral
t2226,neutral
t2227,neutral
t2228,neutral
t2229,neutral
t2230,neutral
t2231,neutral
t2232,neutral
t2233,neutral
t2234,neutral
t2235,neutral
t2236,negative
t2237,neutral
t2238,neutral
t2239,neutral
t2240,neutral
t2241,neutral
t2242,neutral
t2243,neutral
t2244,neutral
t2245,neutral
t2246,neutral
t2247,neutral
t2248,negative
t2249,neutral
t2250,neutral
t2251,neutral
t2252,neutral
t2253,neutral
t2254,neutral
t2255,neutral
t2256,neutral
t2257,neutral
t2258,neutral
t2259,neutral
t2260,neutral
t2261,neutral
t2262,neutral
t2263,neutral
t2264,neutral
t2265,neutral
t2266,neutral
t2267,neutral
t2268,neutral
t2269,neutral
t2270,neutral
t2271,neutral
t2272,neutral
t2273,neutral
t2274,neutral
t2275,neutral
t2276,neutral
t2277,neutral
t2278,neutral
t2279,neutral
t2280,neutral
t2281,neutral
t2282,neutral
t2283,neutral
t2284,neutral
t2285,neutral
t2286,neutral
t2287,neutral
t2288,neutral
t2289,neutral
t2290,neutral
t2291,neutral
t2292,neutral
t2293,neutral
t2294,neutral
t2295,neutral
t2296,neutral
t2297,neutral
t2298,positive
t2299,neutral
t2300,neutral
t2301,neutral
t2302,neutral
t2303,neutral
t2304,neutral
t2305,neutral
t2306,neutral
t2307,neutral
t2308,neutral
t2309,neutral
t2310,neutral
t2311,neutral
t2312,neutral
t2313,neutral
t2314,neutral
t2315,neutral
t2316,neutral
t2317,neutral
t2318,neutral
t2319,neutral
t2320,neutral
t2321,neutral
t2322,neutral
t2323,neutral
t2324,neutral
t2325,neutral
t2326,neutral
t2327,neutral
t2328,neutral
t2329,neutral
t2330,neutral
t2331,neutral
t2332,neutral
t2333,neutral
t2334,neutral
t2335,neutral
t2336,neutral
t2337,neutral
t2338,neutral
t2339,neutral
t2340,neutral
t2341,neutral
t2342,neutral
t2343,neutral
t2344,neutral
t2345,neutral
t2346,neutral
t2347,neutral
t2348,neutral
t2349,neutral
t2350,neutral
t2351,neutral
t2352,neutral
t2353,neutral
t2354,neutral
t2355,neutral
t2356,neutral
t2357,neutral
t2358,neutral
t2359,neutral
t2360,neutral
t2361,neutral
t2362,neutral
t2363,neutral
t2364,neutral
t2365,neutral
t2366,neutral
t2367,positive
t2368,neutral
t2369,neutral
t2370,neutral
t2371,neutral
t2372,neutral
t2373,neutral
t2374,neutral
t2375,neutral
t2376,neutral
t2377,neutral
t2378,neutral
t2379,neutral
t2380,neutral
t2381,neutral
t2382,neutral
t2383,neutral
t2384,neutral
t2385,neutral
t2386,neutral
t2387,neutral
t2388,neutral
t2389,neutral
t2390,neutral
t2391,neutral
t2392,neutral
t2393,neutral
t2394,neutral
t2395,neutral
t2396,negative
t2397,neutral
t2398,neutral
t2399,neutral
t2400,neutral
t2401,neutral
t2402,neutral
t2403,neutral
t2404,neutral
t2405,neutral
t2406,neutral
t2407,neutral
t2408,neutral
t2409,positive
t2410,neutral
t2411,neutral
t2412,neutral
t2413,neutral
t2414,neutral
t2415,neutral
t2416,neutral
t2417,neutral
t2418,negative
t2419,neutral
t2420,neutral
t2421,neutral
t2422,positive
t2423,neutral
t2424,neutral
t2425,negative
t2426,neutral
t2427,neutral
t2428,neutral
t2429,neutral
t2430,neutral
t2431,neutral
t2432,neutral
t2433,neutral
t2434,neutral
t2435,neutral
t2436,neutral
t2437,neutral
t2438,neutral
t2439,neutral
t2440,neutral
t2441,neutral
t2442,neutral
t2443,neutral
t2444,neutral
t2445,neutral
t2446,neutral
t2447,neutral
t2448,neutral
t2449,neutral
t2450,neutral
t2451,neutral
t2452,neutral
t2453,neutral
t2454,neutral
t2455,neutral
t2456,neutral
t2457,neutral
t2458,neutral
t2459,neutral
t2460,neutral
t2461,neutral
t2462,neutral
t2463,neutral
t2464,neutral
t2465,neutral
t2466,positive
t2467,neutral
t2468,neutral
t2469,neutral
t2470,neutral
t2471,neutral
t2472,neutral
t2473,neutral
t2474,neutral
t2475,neutral
t2476,neutral
t2477,neutral
t2478,neutral
t2479,neutral
t2480,neutral
t2481,neutral
t2482,neutral
t2483,neutral
t2484,negative
t2485,neutral
t2486,neutral
t2487,negative
t2488,neutral
t2489,neutral
t2490,neutral
t2491,neutral
t2492,neutral
t2493,neutral
t2494,neutral
t2495,neutral
t2496,neutral
t2497,neutral
t2498,neutral
t2499,neutral
t2500,neutral
t2501,positive
t2502,neutral
t2503,positive
t2504,neutral
t2505,negative
t2506,neutral
t2507,neutral
t2508,neutral
t2509,neutral
t2510,neutral
t2511,neutral
t2512,neutral
t2513,neutral
t2514,neutral
t2515,neutral
t2516,neutral
t2517,neutral
t2518,neutral
t2519,neutral
t2520,neutral
t2521,neutral
t2522,neutral
t2523,neutral
t2524,neutral
t2525,neutral
t2526,neutral
t2527,neutral
t2528,neutral
t2529,neutral
t2530,neutral
t2531,neutral
t2532,neutral
t2533,neutral
t2534,neutral
t2535,neutral
t2536,neutral
t2537,neutral
t2538,negative
t2539,neutral
t2540,positive
t2541,neutral
t2542,negative
t2543,neutral
t2544,neutral
t2545,neutral
t2546,neutral
t2547,neutral
t2548,neutral
t2549,positive
t2550,neutral
t2551,neutral
t2552,neutral
t2553,negative
t2554,neutral
t2555,neutral
t2556,neutral
t2557,neutral
t2558,neutral
t2559,neutral
t2560,neutral
t2561,neutral
t2562,neutral
t2563,positive
t2564,neutral
t2565,neutral
t2566,neutral
t2567,neutral
t2568,negative
t2569,neutral
t2570,neutral
t2571,neutral
t2572,neutral
t2573,neutral
t2574,neutral
t2575,neutral
t2576,neutral
t2577,neutral
t2578,neutral
t2579,neutral
t2580,neutral
t2581,neutral
t2582,neutral
t2583,neutral
t2584,neutral
t2585,neutral
t2586,neutral
t2587,neutral
t2588,neutral
t2589,neutral
t2590,neutral
t2591,neutral
t2592,neutral
t2593,neutral
t2594,neutral
t2595,neutral
t2596,neutral
t2597,neutral
t2598,neutral
t2599,neutral
t2600,neutral
t2601,neutral
t2602,neutral
t2603,neutral
t2604,neutral
t2605,neutral
t2606,neutral
t2607,neutral
t2608,neutral
t2609,neutral
t2610,neutral
t2611,neutral
t2612,neutral
t2613,neutral
t2614,neutral
t2615,neutral
t2616,neutral
t2617,neutral
t2618,neutral
t2619,neutral
t2620,negative
t2621,neutral
t2622,neutral
t2623,neutral
t2624,neutral
t2625,neutral
t2626,neutral
t2627,neutral
t2628,neutral
t2629,negative
t2630,neutral
t2631,neutral
t2632,neutral
t2633,neutral
t2634,neutral
t2635,neutral
t2636,neutral
t2637,neutral
t2638,neutral
t2639,neutral
t2640,neutral
t2641,neutral
t2642,neutral
t2643,neutral
t2644,neutral
t2645,neutral
t2646,neutral
t2647,neutral
t2648,neutral
t2649,neutral
t2650,neutral
t2651,neutral
t2652,neutral
t2653,neutral
t2654,neutral
t2655,neutral
t2656,neutral
t2657,neutral
t2658,neutral
t2659,neutral
t2660,neutral
t2661,positive
t2662,neutral
t2663,neutral
t2664,neutral
t2665,neutral
t2666,neutral
t2667,neutral
t2668,neutral
t2669,neutral
t2670,neutral
t2671,neutral
t2672,neutral
t2673,neutral
t2674,neutral
t2675,neutral
t2676,neutral
t2677,neutral
t2678,neutral
t2679,neutral
t2680,neutral
t2681,neutral
t2682,neutral
t2683,neutral
t2684,neutral
t2685,neutral
t2686,negative
t2687,neutral
t2688,neutral
t2689,neutral
t2690,neutral
t2691,neutral
t2692,neutral
t2693,neutral
t2694,neutral
t2695,neutral
t2696,neutral
t2697,neutral
t2698,negative
t2699,neutral
t2700,positive
t2701,neutral
t2702,negative
t2703,neutral
t2704,positive
t2705,positive
t2706,neutral
t2707,neutral
t2708,neutral
t2709,neutral
t2710,positive
t2711,neutral
t2712,neutral
t2713,neutral
t2714,neutral
t2715,neutral
t2716,neutral
t2717,neutral
t2718,neutral
t2719,neutral
t2720,neutral
t2721,neutral
t2722,neutral
t2723,neutral
t2724,neutral
t2725,neutral
t2726,neutral
t2727,neutral
t2728,neutral
t2729,neutral
t2730,neutral
t2731,positive
t2732,neutral
t2733,neutral
t2734,neutral
t2735,neutral
t2736,neutral
t2737,neutral
t2738,neutral
t2739,neutral
t2740,neutral
t2741,neutral
t2742,neutral
t2743,neutral
t2744,neutral
t2745,neutral
t2746,neutral
t2747,neutral
t2748,neutral
t2749,neutral
t2750,neutral
t2751,positive
t2752,neutral
t2753,neutral
t2754,neutral
t2755,neutral
t2756,neutral
t2757,neutral
t2758,neutral
t2759,neutral
t2760,positive
t2761,neutral
t2762,neutral
t2763,neutral
t2764,neutral
t2765,neutral
t2766,neutral
t2767,neutral
t2768,neutral
t2769,neutral
t2770,neutral
t2771,positive
t2772,neutral
t2773,neutral
t2774,neutral
t2775,neutral
t2776,neutral
t2777,neutral
t2778,neutral
t2779,neutral
t2780,neutral
t2781,neutral
t2782,neutral
t2783,neutral
t2784,neutral
t2785,neutral
t2786,neutral
t2787,neutral
t2788,neutral
t2789,neutral
t2790,neutral
t2791,neutral
t2792,neutral
t2793,neutral
t2794,neutral
t2795,neutral
t2796,neutral
t2797,neutral
t2798,neutral
t2799,neutral
t2800,neutral
t2801,neutral
t2802,neutral
t2803,neutral
t2804,neutral
t2805,neutral
t2806,neutral
t2807,neutral
t2808,neutral
t2809,neutral
t2810,neutral
t2811,neutral
t2812,neutral
t2813,neutral
t2814,neutral
t2815,neutral
t2816,neutral
t2817,neutral
t2818,neutral
t2819,neutral
t2820,neutral
t2821,neutral
t2822,neutral
t2823,neutral
t2824,negative
t2825,neutral
t2826,neutral
t2827,neutral
t2828,neutral
t2829,neutral
t2830,neutral
t2831,neutral
t2832,neutral
t2833,neutral
t2834,neutral
t2835,neutral
t2836,neutral
t2837,neutral
t2838,neutral
t2839,neutral
t2840,neutral
t2841,neutral
t2842,neutral
t2843,neutral
t2844,negative
t2845,neutral
t2846,neutral
t2847,neutral
t2848,neutral
t2849,neutral
t2850,neutral
t2851,neutral
t2852,neutral
t2853,neutral
t2854,neutral
t2855,neutral
t2856,neutral
t2857,neutral
t2858,neutral
t2859,negative
t2860,neutral
t2861,neutral
t2862,neutral
t2863,neutral
t2864,neutral
t2865,neutral
t2866,neutral
t2867,neutral
t2868,neutral
t2869,neutral
t2870,neutral
t2871,neutral
t2872,neutral
t2873,neutral
t2874,neutral
t2875,neutral
t2876,neutral
t2877,neutral
t2878,neutral
t2879,neutral
t2880,neutral
t2881,neutral
t2882,neutral
t2883,neutral
t2884,neutral
t2885,neutral
t2886,neutral
t2887,neutral
t2888,neutral
t2889,neutral
t2890,neutral
t2891,neutral
t2892,neutral
t2893,neutral
t2894,neutral
t2895,neutral
t2896,neutral
t2897,positive
t2898,neutral
t2899,neutral
t2900,neutral
t2901,negative
t2902,neutral
t2903,neutral
t2904,neutral
t2905,negative
t2906,neutral
t2907,neutral
t2908,negative
t2909,neutral
t2910,neutral
t2911,neutral
t2912,neutral
t2913,neutral
t2914,neutral
t2915,neutral
t2916,neutral
t2917,neutral
t2918,neutral
t2919,neutral
t2920,neutral
t2921,neutral
t2922,positive
t2923,positive
t2924,neutral
t2925,neutral
t2926,neutral
t2927,neutral
t2928,neutral
t2929,neutral
t2930,neutral
t2931,neutral
t2932,neutral
t2933,neutral
t2934,neutral
t2935,neutral
t2936,neutral
t2937,neutral
t2938,neutral
t2939,neutral
t2940,neutral
t2941,neutral
t2942,neutral
t2943,neutral
t2944,neutral
t2945,positive
t2946,neutral
t2947,neutral
t2948,neutral
t2949,negative
t2950,neutral
t2951,neutral
t2952,neutral
t2953,neutral
t2954,neutral
t2955,neutral
t2956,neutral
t2957,neutral
t2958,neutral
t2959,neutral
t2960,positive
t2961,neutral
t2962,neutral
t2963,neutral
t2964,neutral
t2965,neutral
t2966,neutral
t2967,neutral
t2968,neutral
t2969,neutral
t2970,neutral
t2971,neutral
t2972,neutral
t2973,neutral
t2974,neutral
t2975,neutral
t2976,neutral
t2977,neutral
t2978,neutral
t2979,neutral
t2980,neutral
t2981,neutral
t2982,neutral
t2983,neutral
t2984,neutral
t2985,neutral
t2986,neutral
t2987,neutral
t2988,neutral
t2989,neutral
t2990,neutral
t2991,neutral
t2992,neutral
t2993,neutral
t2994,neutral
t2995,negative
t2996,neutral
t2997,neutral
t2998,neutral
t2999,positive
t3000,neutral
t3001,neutral
t3002,neutral
t3003,neutral
t3004,neutral
t3005,negative
t3006,neutral
t3007,neutral
t3008,neutral
t3009,neutral
t3010,neutral
t3011,neutral
t3012,neutral
t3013,neutral
t3014,neutral
t3015,neutral
t3016,neutral
t3017,neutral
t3018,neutral
t3019,neutral
t3020,neutral
t3021,neutral
t3022,neutral
t3023,neutral
t3024,neutral
t3025,neutral
t3026,neutral
t3027,neutral
t3028,neutral
t3029,negative
t3030,neutral
t3031,neutral
t3032,neutral
t3033,neutral
t3034,neutral
t3035,neutral
t3036,neutral
t3037,neutral
t3038,neutral
t3039,neutral
t3040,neutral
t3041,neutral
t3042,negative
t3043,neutral
t3044,neutral
t3045,neutral
t3046,neutral
t3047,neutral
t3048,neutral
t3049,neutral
t3050,neutral
t3051,neutral
t3052,neutral
t3053,neutral
t3054,negative
t3055,neutral
t3056,neutral
t3057,neutral
t3058,neutral
t3059,neutral
t3060,neutral
t3061,neutral
t3062,neutral
t3063,neutral
t3064,neutral
t3065,neutral
t3066,neutral
t3067,neutral
t3068,neutral
t3069,neutral
t3070,neutral
t3071,neutral
t3072,neutral
t3073,negative
t3074,neutral
t3075,negative
t3076,neutral
t3077,neutral
t3078,neutral
t3079,neutral
t3080,neutral
t3081,neutral
t3082,neutral
t3083,positive
t3084,negative
t3085,neutral
t3086,neutral
t3087,neutral
t3088,neutral
t3089,neutral
t3090,neutral
t3091,neutral
t3092,neutral
t3093,neutral
t3094,neutral
t3095,neutral
t3096,neutral
t3097,neutral
t3098,neutral
t3099,neutral
t3100,neutral
t3101,neutral
t3102,neutral
t3103,neutral
t3104,neutral
t3105,neutral
t3106,negative
t3107,negative
t3108,neutral
t3109,neutral
t3110,neutral
t3111,neutral
t3112,neutral
t3113,neutral
t3114,neutral
t3115,neutral
t3116,neutral
t3117,neutral
t3118,neutral
t3119,neutral
t3120,neutral
t3121,neutral
t3122,neutral
t3123,neutral
t3124,neutral
t3125,neutral
t3126,neutral
t3127,neutral
t3128,neutral
t3129,neutral
t3130,neutral
t3131,neutral
t3132,neutral
t3133,neutral
t3134,neutral
t3135,neutral
t3136,neutral
t3137,neutral
t3138,neutral
t3139,neutral
t3140,positive
t3141,neutral
t3142,neutral
t3143,neutral
t3144,negative
t3145,negative
t3146,neutral
t3147,negative
t3148,neutral
t3149,neutral
t3150,neutral
t3151,neutral
t3152,neutral
t3153,negative
t3154,neutral
t3155,neutral
t3156,neutral
t3157,negative
t3158,neutral
t3159,neutral
t3160,neutral
t3161,neutral
t3162,neutral
t3163,neutral
t3164,neutral
t3165,neutral
t3166,neutral
t3167,neutral
t3168,neutral
t3169,neutral
t3170,neutral
t3171,neutral
t3172,neutral
t3173,negative
t3174,negative
t3175,neutral
t3176,neutral
t3177,neutral
t3178,neutral
t3179,neutral
t3180,neutral
t3181,neutral
t3182,neutral
t3183,neutral
t3184,neutral
t3185,neutral
t3186,neutral
t3187,neutral
t3188,neutral
t3189,neutral
t3190,neutral
t3191,neutral
t3192,neutral
t3193,neutral
t3194,negative
t3195,neutral
t3196,neutral
t3197,neutral
t3198,neutral
t3199,neutral
t3200,neutral
t3201,neutral
t3202,neutral
t3203,neutral
t3204,negative
t3205,neutral
t3206,neutral
t3207,neutral
t3208,neutral
t3209,neutral
t3210,neutral
t3211,neutral
t3212,neutral
t3213,neutral
t3214,neutral
t3215,negative
t3216,neutral
t3217,neutral
t3218,neutral
t3219,neutral
t3220,neutral
t3221,neutral
t3222,neutral
t3223,neutral
t3224,neutral
t3225,neutral
t3226,neutral
t3227,neutral
t3228,neutral
t3229,negative
t3230,neutral
t3231,neutral
t3232,neutral
t3233,positive
t3234,neutral
t3235,negative
t3236,neutral
t3237,neutral
t3238,neutral
t3239,neutral
t3240,neutral
t3241,neutral
t3242,neutral
t3243,neutral
t3244,neutral
t3245,neutral
t3246,neutral
t3247,neutral
t3248,neutral
t3249,neutral
t3250,neutral
t3251,neutral
t3252,neutral
t3253,neutral
t3254,neutral
t3255,neutral
t3256,neutral
t3257,neutral
t3258,neutral
t3259,neutral
t3260,positive
t3261,neutral
t3262,neutral
t3263,neutral
t3264,neutral
t3265,neutral
t3266,neutral
t3267,neutral
t3268,neutral
t3269,neutral
t3270,neutral
t3271,neutral
t3272,neutral
t3273,neutral
t3274,neutral
t3275,neutral
t3276,neutral
t3277,neutral
t3278,neutral
t3279,neutral
t3280,neutral
t3281,neutral
t3282,negative
t3283,neutral
t3284,neutral
t3285,neutral
t3286,neutral
t3287,neutral
t3288,neutral
t3289,neutral
t3290,neutral
t3291,neutral
t3292,neutral
t3293,neutral
t3294,neutral
t3295,neutral
t3296,neutral
t3297,neutral
t3298,neutral
t3299,neutral
t3300,neutral
t3301,neutral
t3302,neutral
t3303,negative
t3304,neutral
t3305,negative
t3306,neutral
t3307,negative
t3308,neutral
t3309,neutral
t3310,neutral
t3311,negative
t3312,negative
t3313,neutral
t3314,neutral
t3315,neutral
t3316,neutral
t3317,neutral
t3318,positive
t3319,neutral
t3320,neutral
t3321,negative
t3322,neutral
t3323,neutral
t3324,positive
t3325,neutral
t3326,neutral
t3327,neutral
t3328,negative
t3329,neutral
t3330,negative
t3331,neutral
t3332,neutral
t3333,neutral
t3334,neutral
t3335,neutral
t3336,neutral
t3337,neutral
t3338,neutral
t3339,neutral
t3340,neutral
t3341,neutral
t3342,neutral
t3343,neutral
t3344,neutral
t3345,neutral
t3346,neutral
t3347,neutral
t3348,neutral
t3349,neutral
t3350,neutral
t3351,neutral
t3352,neutral
t3353,neutral
t3354,neutral
t3355,negative
t3356,negative
t3357,neutral
t3358,neutral
t3359,neutral
t3360,neutral
t3361,neutral
t3362,neutral
t3363,neutral
t3364,neutral
t3365,neutral
t3366,negative
t3367,neutral
t3368,neutral
t3369,neutral
t3370,neutral
t3371,neutral
t3372,neutral
t3373,neutral
t3374,neutral
t3375,negative
t3376,neutral
t3377,neutral
t3378,neutral
t3379,neutral
t3380,neutral
t3381,neutral
t3382,neutral
t3383,neutral
t3384,neutral
t3385,neutral
t3386,neutral
t3387,neutral
t3388,neutral
t3389,neutral
t3390,neutral
t3391,neutral
t3392,neutral
t3393,neutral
t3394,negative
t3395,neutral
t3396,neutral
t3397,neutral
t3398,neutral
t3399,negative
t3400,neutral
t3401,neutral
t3402,neutral
t3403,neutral
t3404,neutral
t3405,neutral
t3406,neutral
t3407,negative
t3408,neutral
t3409,negative
t3410,negative
t3411,neutral
t3412,neutral
t3413,neutral
t3414,neutral
t3415,neutral
t3416,neutral
t3417,neutral
t3418,neutral
t3419,neutral
t3420,neutral
t3421,neutral
t3422,neutral
t3423,neutral
t3424,negative
t3425,negative
t3426,neutral
t3427,neutral
t3428,neutral
t3429,neutral
t3430,neutral
t3431,neutral
t3432,neutral
t3433,neutral
t3434,neutral
t3435,neutral
t3436,neutral
t3437,negative
t3438,neutral
t3439,neutral
t3440,negative
t3441,neutral
t3442,neutral
t3443,neutral
t3444,neutral
t3445,neutral
t3446,neutral
t3447,neutral
t3448,neutral
t3449,positive
t3450,negative
t3451,neutral
t3452,neutral
t3453,neutral
t3454,neutral
t3455,neutral
t3456,neutral
t3457,neutral
t3458,neutral
t3459,neutral
t3460,neutral
t3461,neutral
t3462,neutral
t3463,neutral
t3464,neutral
t3465,neutral
t3466,neutral
t3467,neutral
t3468,neutral
t3469,neutral
t3470,positive
t3471,neutral
t3472,neutral
t3473,neutral
t3474,neutral
t3475,neutral
t3476,neutral
t3477,neutral
t3478,neutral
t3479,neutral
t3480,neutral
t3481,neutral
t3482,neutral
t3483,negative
t3484,neutral
t3485,neutral
t3486,neutral
t3487,neutral
t3488,negative
t3489,positive
t3490,neutral
t3491,neutral
t3492,neutral
t3493,negative
t3494,negative
t3495,negative
t3496,negative
t3497,negative
t3498,neutral
t3499,neutral
t3500,neutral
t3501,neutral
t3502,neutral
t3503,negative
t3504,neutral
t3505,neutral
t3506,neutral
t3507,neutral
t3508,neutral
t3509,neutral
t3510,neutral
t3511,negative
t3512,neutral
t3513,neutral
t3514,neutral
t3515,neutral
t3516,neutral
t3517,neutral
t3518,neutral
t3519,neutral
t3520,neutral
t3521,neutral
t3522,neutral
t3523,positive
t3524,neutral
t3525,neutral
t3526,neutral
t3527,neutral
t3528,positive
t3529,neutral
t3530,neutral
t3531,neutral
t3532,neutral
t3533,neutral
t3534,neutral
t3535,neutral
t3536,neutral
t3537,neutral
t3538,neutral
t3539,neutral
t3540,neutral
t3541,neutral
t3542,neutral
t3543,neutral
t3544,neutral
t3545,neutral
t3546,neutral
t3547,neutral
t3548,neutral
t3549,neutral
t3550,neutral
t3551,neutral
t3552,neutral
t3553,neutral
t3554,neutral
t3555,neutral
t3556,neutral
t3557,neutral
t3558,neutral
t3559,neutral
t3560,neutral
t3561,neutral
t3562,neutral
t3563,neutral
t3564,neutral
t3565,neutral
t3566,neutral
t3567,neutral
t3568,neutral
t3569,neutral
t3570,neutral
t3571,neutral
t3572,neutral
t3573,positive
t3574,neutral
t3575,neutral
t3576,neutral
t3577,neutral
t3578,neutral
t3579,neutral
t3580,neutral
t3581,neutral
t3582,neutral
t3583,neutral
t3584,neutral
t3585,neutral
t3586,neutral
t3587,neutral
t3588,neutral
t3589,neutral
t3590,neutral
t3591,positive
t3592,neutral
t3593,neutral
t3594,neutral
t3595,neutral
t3596,positive
t3597,neutral
t3598,positive
t3599,neutral
t3600,negative
t3601,neutral
t3602,neutral
t3603,neutral
t3604,neutral
t3605,neutral
t3606,neutral
t3607,neutral
t3608,neutral
t3609,neutral
t3610,neutral
t3611,neutral
t3612,neutral
t3613,negative
t3614,neutral
t3615,neutral
t3616,neutral
t3617,neutral
t3618,neutral
t3619,neutral
t3620,neutral
t3621,neutral
t3622,neutral
t3623,neutral
t3624,neutral
t3625,neutral
t3626,neutral
t3627,neutral
t3628,neutral
t3629,neutral
t3630,negative
t3631,neutral
t3632,neutral
t3633,neutral
t3634,neutral
t3635,neutral
t3636,neutral
t3637,neutral
t3638,neutral
t3639,neutral
t3640,negative
t3641,neutral
t3642,neutral
t3643,neutral
t3644,neutral
t3645,neutral
t3646,neutral
t3647,neutral
t3648,neutral
t3649,neutral
t3650,neutral
t3651,neutral
t3652,neutral
t3653,neutral
t3654,neutral
t3655,neutral
t3656,neutral
t3657,neutral
t3658,neutral
t3659,neutral
t3660,neutral
t3661,neutral
t3662,neutral
t3663,neutral
t3664,neutral
t3665,neutral
t3666,neutral
t3667,neutral
t3668,neutral
t3669,neutral
t3670,neutral
t3671,neutral
t3672,negative
t3673,neutral
t3674,neutral
t3675,neutral
t3676,neutral
t3677,neutral
t3678,neutral
t3679,neutral
t3680,neutral
t3681,neutral
t3682,neutral
t3683,neutral
t3684,neutral
t3685,neutral
t3686,neutral
t3687,negative
t3688,neutral
t3689,negative
t3690,neutral
t3691,neutral
t3692,negative
t3693,neutral
t3694,neutral
t3695,neutral
t3696,neutral
t3697,neutral
t3698,neutral
t3699,neutral
t3700,neutral
t3701,neutral
t3702,neutral
t3703,neutral
t3704,neutral
t3705,neutral
t3706,neutral
t3707,neutral
t3708,positive
t3709,neutral
t3710,neutral
t3711,neutral
t3712,neutral
t3713,neutral
t3714,neutral
t3715,neutral
t3716,neutral
t3717,neutral
t3718,neutral
t3719,neutral
t3720,neutral
t3721,neutral
t3722,neutral
t3723,neutral
t3724,neutral
t3725,neutral
t3726,neutral
t3727,neutral
t3728,neutral
t3729,negative
t3730,neutral
t3731,neutral
t3732,neutral
t3733,neutral
t3734,neutral
t3735,neutral
t3736,neutral
t3737,positive
t3738,neutral
t3739,neutral
t3740,neutral
t3741,neutral
t3742,neutral
t3743,neutral
t3744,neutral
t3745,neutral
t3746,neutral
t3747,negative
t3748,neutral
t3749,neutral
t3750,neutral
t3751,neutral
t3752,negative
t3753,positive
t3754,neutral
t3755,neutral
t3756,positive
t3757,neutral
t3758,neutral
t3759,neutral
t3760,neutral
t3761,negative
t3762,neutral
t3763,neutral
t3764,neutral
t3765,neutral
t3766,neutral
t3767,neutral
t3768,neutral
t3769,neutral
t3770,neutral
t3771,neutral
t3772,neutral
t3773,neutral
t3774,neutral
t3775,neutral
t3776,negative
t3777,neutral
t3778,neutral
t3779,neutral
t3780,neutral
t3781,neutral
t3782,neutral
t3783,neutral
t3784,neutral
t3785,neutral
t3786,neutral
t3787,neutral
t3788,neutral
t3789,neutral
t3790,neutral
t3791,neutral
t3792,neutral
t3793,neutral
t3794,neutral
t3795,neutral
t3796,neutral
t3797,neutral
t3798,neutral
t3799,neutral
t3800,neutral
t3801,neutral
t3802,neutral
t3803,neutral
t3804,neutral
t3805,neutral
t3806,neutral
t3807,neutral
t3808,neutral
t3809,neutral
t3810,neutral
t3811,neutral
t3812,neutral
t3813,neutral
t3814,neutral
t3815,neutral
t3816,neutral
t3817,neutral
t3818,negative
t3819,neutral
t3820,neutral
t3821,negative
t3822,neutral
t3823,neutral
t3824,neutral
t3825,neutral
t3826,neutral
t3827,neutral
t3828,neutral
t3829,neutral
t3830,neutral
t3831,neutral
t3832,neutral
t3833,neutral
t3834,neutral
t3835,neutral
t3836,neutral
t3837,neutral
t3838,neutral
t3839,neutral
t3840,negative
t3841,neutral
t3842,neutral
t3843,neutral
t3844,neutral
t3845,neutral
t3846,neutral
t3847,neutral
t3848,neutral
t3849,neutral
t3850,neutral
t3851,neutral
t3852,negative
t3853,neutral
t3854,neutral
t3855,neutral
t3856,neutral
t3857,neutral
t3858,neutral
t3859,neutral
t3860,neutral
t3861,neutral
t3862,neutral
t3863,neutral
t3864,neutral
t3865,neutral
t3866,neutral
t3867,neutral
t3868,neutral
t3869,neutral
t3870,neutral
t3871,neutral
t3872,neutral
t3873,neutral
t3874,neutral
t3875,neutral
t3876,neutral
t3877,neutral
t3878,neutral
t3879,neutral
t3880,neutral
t3881,neutral
t3882,neutral
t3883,neutral
t3884,neutral
t3885,neutral
t3886,neutral
t3887,neutral
t3888,negative
t3889,neutral
t3890,neutral
t3891,neutral
t3892,neutral
t3893,neutral
t3894,neutral
t3895,neutral
t3896,neutral
t3897,neutral
t3898,neutral
t3899,neutral
t3900,neutral
t3901,neutral
t3902,neutral
t3903,neutral
t3904,neutral
t3905,neutral
t3906,neutral
t3907,neutral
t3908,neutral
t3909,neutral
t3910,neutral
t3911,neutral
t3912,neutral
t3913,neutral
t3914,neutral
t3915,neutral
t3916,neutral
t3917,neutral
t3918,neutral
t3919,neutral
t3920,neutral
t3921,negative
t3922,neutral
t3923,neutral
t3924,neutral
t3925,neutral
t3926,neutral
t3927,neutral
t3928,neutral
t3929,positive
t3930,neutral
t3931,neutral
t3932,neutral
t3933,neutral
t3934,neutral
t3935,neutral
t3936,neutral
t3937,negative
t3938,neutral
t3939,neutral
t3940,neutral
t3941,neutral
t3942,neutral
t3943,neutral
t3944,neutral
t3945,neutral
t3946,neutral
t3947,neutral
t3948,neutral
t3949,neutral
t3950,neutral
t3951,neutral
t3952,neutral
t3953,neutral
t3954,neutral
t3955,neutral
t3956,neutral
t3957,neutral
t3958,neutral
t3959,neutral
t3960,neutral
t3961,neutral
t3962,neutral
t3963,neutral
t3964,neutral
t3965,neutral
t3966,neutral
t3967,neutral
t3968,neutral
t3969,neutral
t3970,neutral
t3971,neutral
t3972,neutral
t3973,neutral
t3974,neutral
t3975,neutral
t3976,neutral
t3977,neutral
t3978,neutral
t3979,neutral
t3980,neutral
t3981,neutral
t3982,neutral
t3983,neutral
t3984,neutral
t3985,neutral
t3986,neutral
t3987,neutral
t3988,neutral
t3989,neutral
t3990,neutral
t3991,neutral
t3992,positive
t3993,neutral
t3994,neutral
t3995,neutral
t3996,neutral
t3997,neutral
t3998,neutral
t3999,neutral
t4000,neutral
t4001,neutral
t4002,neutral
t4003,neutral
t4004,negative
t4005,neutral
t4006,neutral
t4007,neutral
t4008,neutral
t4009,neutral
t4010,neutral
t4011,neutral
t4012,neutral
t4013,neutral
t4014,neutral
t4015,neutral
t4016,neutral
t4017,neutral
t4018,neutral
t4019,neutral
t4020,neutral
t4021,negative
t4022,neutral
t4023,neutral
t4024,positive
t4025,neutral
t4026,positive
t4027,neutral
t4028,neutral
t4029,neutral
t4030,neutral
t4031,neutral
t4032,neutral
t4033,neutral
t4034,neutral
t4035,neutral
t4036,neutral
t4037,positive
t4038,neutral
t4039,neutral
t4040,neutral
t4041,neutral
t4042,neutral
t4043,neutral
t4044,neutral
t4045,positive
t4046,neutral
t4047,negative
t4048,neutral
t4049,neutral
t4050,neutral
t4051,negative
t4052,neutral
t4053,negative
t4054,neutral
t4055,negative
t4056,neutral
t4057,positive
t4058,neutral
t4059,neutral
t4060,neutral
t4061,negative
t4062,neutral
t4063,positive
t4064,neutral
t4065,neutral
t4066,neutral
t4067,neutral
t4068,neutral
t4069,neutral
t4070,neutral
t4071,neutral
t4072,neutral
t4073,neutral
t4074,negative
t4075,neutral
t4076,neutral
t4077,neutral
t4078,neutral
t4079,negative
t4080,neutral
t4081,neutral
t4082,neutral
t4083,neutral
t4084,positive
t4085,neutral
t4086,neutral
t4087,neutral
t4088,neutral
t4089,neutral
t4090,neutral
t4091,neutral
t4092,negative
t4093,neutral
t4094,neutral
t4095,neutral
t4096,neutral
t4097,neutral
t4098,neutral
t4099,neutral
t4100,neutral
t4101,neutral
t4102,neutral
t4103,neutral
t4104,neutral
t4105,neutral
t4106,neutral
t4107,neutral
t4108,neutral
t4109,positive
t4110,neutral
t4111,neutral
t4112,neutral
t4113,positive
t4114,neutral
t4115,neutral
t4116,neutral
t4117,negative
t4118,positive
t4119,neutral
t4120,neutral
t4121,neutral
t4122,neutral
t4123,neutral
t4124,positive
t4125,negative
t4126,neutral
t4127,neutral
t4128,neutral
t4129,neutral
t4130,neutral
t4131,neutral
t4132,neutral
t4133,neutral
t4134,positive
t4135,neutral
t4136,neutral
t4137,neutral
t4138,positive
t4139,neutral
t4140,neutral
t4141,neutral
t4142,neutral
t4143,negative
t4144,neutral
t4145,neutral
t4146,positive
t4147,neutral
t4148,neutral
t4149,neutral
t4150,neutral
t4151,neutral
t4152,neutral
t4153,neutral
t4154,neutral
t4155,neutral
t4156,neutral
t4157,neutral
t4158,neutral
t4159,neutral
t4160,neutral
t4161,neutral
t4162,neutral
t4163,neutral
t4164,neutral
t4165,neutral
t4166,neutral
t4167,neutral
t4168,neutral
t4169,neutral
t4170,neutral
t4171,neutral
t4172,neutral
t4173,neutral
t4174,negative
t4175,neutral
t4176,neutral
t4177,negative
t4178,neutral
t4179,neutral
t4180,negative
t4181,neutral
t4182,neutral
t4183,neutral
t4184,positive
t4185,neutral
t4186,negative
t4187,positive
t4188,neutral
t4189,neutral
t4190,positive
t4191,neutral
t4192,neutral
t4193,neutral
t4194,neutral
t4195,neutral
t4196,neutral
t4197,neutral
t4198,neutral
t4199,neutral
t4200,neutral
t4201,negative
t4202,neutral
t4203,neutral
t4204,neutral
t4205,neutral
t4206,neutral
t4207,neutral
t4208,neutral
t4209,neutral
t4210,neutral
t4211,neutral
t4212,neutral
t4213,neutral
t4214,negative
t4215,neutral
t4216,neutral
t4217,neutral
t4218,neutral
t4219,neutral
t4220,neutral
t4221,negative
t4222,neutral
t4223,neutral
t4224,neutral
t4225,neutral
t4226,neutral
t4227,neutral
t4228,neutral
t4229,neutral
t4230,positive
t4231,positive
t4232,neutral
t4233,neutral
t4234,negative
t4235,positive
t4236,positive
t4237,neutral
t4238,neutral
t4239,positive
t4240,neutral
t4241,neutral
t4242,neutral
t4243,neutral
t4244,positive
t4245,neutral
t4246,positive
t4247,negative
t4248,negative
t4249,neutral
t4250,neutral
t4251,positive
t4252,neutral
t4253,positive
t4254,neutral
t4255,neutral
t4256,neutral
t4257,neutral
t4258,neutral
t4259,neutral
t4260,neutral
t4261,neutral
t4262,neutral
t4263,neutral
t4264,negative
t4265,neutral
t4266,neutral
t4267,positive
t4268,neutral
t4269,neutral
t4270,neutral
t4271,neutral
t4272,neutral
t4273,neutral
t4274,neutral
t4275,neutral
t4276,neutral
t4277,neutral
t4278,neutral
t4279,neutral
t4280,negative
t4281,negative
t4282,positive
t4283,neutral
t4284,neutral
t4285,neutral
t4286,neutral
t4287,neutral
t4288,neutral
t4289,positive
t4290,neutral
t4291,neutral
t4292,neutral
t4293,neutral
t4294,neutral
t4295,neutral
t4296,neutral
t4297,negative
t4298,neutral
t4299,neutral
t4300,neutral
t4301,neutral
t4302,positive
t4303,negative
t4304,negative
t4305,neutral
t4306,neutral
t4307,positive
t4308,neutral
t4309,neutral
t4310,neutral
t4311,neutral
t4312,neutral
t4313,neutral
t4314,neutral
t4315,neutral
t4316,neutral
t4317,neutral
t4318,neutral
t4319,neutral
t4320,neutral
t4321,negative
t4322,neutral
t4323,neutral
t4324,neutral
t4325,neutral
t4326,neutral
t4327,neutral
t4328,neutral
t4329,neutral
t4330,neutral
t4331,neutral
t4332,neutral
t4333,neutral
t4334,neutral
t4335,neutral
t4336,neutral
t4337,neutral
t4338,neutral
t4339,neutral
t4340,neutral
t4341,neutral
t4342,neutral
t4343,neutral
t4344,neutral
t4345,neutral
t4346,neutral
t4347,neutral
t4348,neutral
t4349,negative
t4350,negative
t4351,neutral
t4352,neutral
t4353,negative
t4354,neutral
t4355,neutral
t4356,neutral
t4357,neutral
t4358,neutral
t4359,neutral
t4360,neutral
t4361,neutral
t4362,neutral
t4363,neutral
t4364,neutral
t4365,neutral
t4366,neutral
t4367,neutral
t4368,negative
t4369,neutral
t4370,neutral
t4371,neutral
t4372,neutral
t4373,neutral
t4374,neutral
t4375,neutral
t4376,neutral
t4377,neutral
t4378,positive
t4379,neutral
t4380,neutral
t4381,positive
t4382,neutral
t4383,neutral
t4384,neutral
t4385,neutral
t4386,neutral
t4387,neutral
t4388,neutral
t4389,neutral
t4390,neutral
t4391,neutral
t4392,neutral
t4393,neutral
t4394,neutral
t4395,neutral
t4396,neutral
t4397,neutral
t4398,neutral
t4399,neutral
t4400,neutral
t4401,positive
t4402,negative
t4403,neutral
t4404,neutral
t4405,neutral
t4406,neutral
t4407,neutral
t4408,neutral
t4409,negative
t4410,neutral
t4411,neutral
t4412,neutral
t4413,neutral
t4414,neutral
t4415,neutral
t4416,neutral
t4417,neutral
t4418,negative
t4419,negative
t4420,neutral
t4421,neutral
t4422,neutral
t4423,neutral
t4424,neutral
t4425,neutral
t4426,positive
t4427,neutral
t4428,neutral
t4429,neutral
t4430,neutral
t4431,neutral
t4432,neutral
t4433,negative
t4434,neutral
t4435,neutral
t4436,neutral
t4437,neutral
t4438,neutral
t4439,neutral
t4440,neutral
t4441,neutral
t4442,neutral
t4443,neutral
t4444,neutral
t4445,negative
t4446,neutral
t4447,neutral
t4448,neutral
t4449,neutral
t4450,neutral
t4451,negative
t4452,neutral
t4453,neutral
t4454,neutral
t4455,neutral
t4456,neutral
t4457,neutral
t4458,neutral
t4459,neutral
t4460,neutral
t4461,positive
t4462,neutral
t4463,negative
t4464,neutral
t4465,neutral
t4466,neutral
t4467,neutral
t4468,neutral
t4469,neutral
t4470,neutral
t4471,neutral
t4472,neutral
t4473,neutral
t4474,neutral
t4475,negative
t4476,neutral
t4477,negative
t4478,neutral
t4479,negative
t4480,negative
t4481,neutral
t4482,neutral
t4483,neutral
t4484,neutral
t4485,neutral
t4486,neutral
t4487,neutral
t4488,neutral
t4489,negative
t4490,neutral
t4491,neutral
t4492,neutral
t4493,neutral
t4494,neutral
t4495,neutral
t4496,neutral
t4497,neutral
t4498,neutral
t4499,neutral
t4500,neutral
t4501,neutral
t4502,negative
t4503,neutral
t4504,neutral
t4505,neutral
t4506,neutral
t4507,neutral
t4508,neutral
t4509,neutral
t4510,neutral
t4511,neutral
t4512,neutral
t4513,negative
t4514,negative
t4515,neutral
t4516,positive
t4517,neutral
t4518,neutral
t4519,neutral
t4520,neutral
t4521,neutral
t4522,neutral
t4523,neutral
t4524,neutral
t4525,neutral
t4526,neutral
t4527,neutral
t4528,neutral
t4529,neutral
t4530,neutral
t4531,neutral
t4532,neutral
t4533,neutral
t4534,neutral
t4535,neutral
t4536,neutral
t4537,neutral
t4538,neutral
t4539,neutral
t4540,neutral
t4541,neutral
t4542,neutral
t4543,neutral
t4544,neutral
t4545,neutral
t4546,positive
t4547,neutral
t4548,neutral
t4549,neutral
t4550,neutral
t4551,positive
t4552,neutral
t4553,neutral
t4554,neutral
t4555,neutral
t4556,neutral
t4557,neutral
t4558,neutral
t4559,neutral
t4560,neutral
t4561,neutral
t4562,neutral
t4563,neutral
t4564,neutral
t4565,neutral
t4566,neutral
t4567,negative
t4568,neutral
t4569,neutral
t4570,neutral
t4571,neutral
t4572,neutral
t4573,neutral
t4574,neutral
t4575,neutral
t4576,neutral
t4577,neutral
t4578,neutral
t4579,neutral
t4580,neutral
t4581,neutral
t4582,neutral
t4583,neutral
t4584,neutral
t4585,neutral
t4586,neutral
t4587,negative
t4588,neutral
t4589,negative
t4590,neutral
t4591,negative
t4592,neutral
t4593,neutral
t4594,neutral
t4595,neutral
t4596,neutral
t4597,neutral
t4598,neutral
t4599,neutral
t4600,neutral
t4601,neutral
t4602,neutral
t4603,neutral
t4604,neutral
t4605,neutral
t4606,neutral
t4607,neutral
t4608,negative
t4609,neutral
t4610,neutral
t4611,neutral
t4612,neutral
t4613,neutral
t4614,neutral
t4615,neutral
t4616,neutral
t4617,neutral
t4618,neutral
t4619,neutral
t4620,neutral
t4621,neutral
t4622,neutral
t4623,neutral
t4624,neutral
t4625,neutral
t4626,neutral
t4627,neutral
t4628,neutral
t4629,negative
t4630,neutral
t4631,negative
t4632,neutral
t4633,neutral
t4634,neutral
t4635,neutral
t4636,negative
t4637,neutral
t4638,neutral
t4639,neutral
t4640,neutral
t4641,neutral
t4642,neutral
t4643,negative
t4644,neutral
t4645,neutral
t4646,neutral
t4647,neutral
t4648,neutral
t4649,positive
t4650,neutral
t4651,positive
t4652,negative
t4653,negative
t4654,neutral
t4655,neutral
t4656,neutral
t4657,neutral
t4658,positive
t4659,neutral
t4660,positive
t4661,neutral
t4662,neutral
t4663,neutral
t4664,neutral
t4665,neutral
t4666,neutral
t4667,neutral
t4668,neutral
t4669,neutral
t4670,neutral
t4671,neutral
t4672,neutral
t4673,neutral
t4674,neutral
t4675,neutral
t4676,neutral
t4677,neutral
t4678,neutral
t4679,neutral
t4680,neutral
t4681,neutral
t4682,neutral
t4683,neutral
t4684,neutral
t4685,neutral
t4686,neutral
t4687,neutral
t4688,neutral
t4689,neutral
t4690,neutral
t4691,neutral
t4692,neutral
t4693,neutral
t4694,neutral
t4695,neutral
t4696,neutral
t4697,neutral
t4698,neutral
t4699,positive
t4700,neutral
t4701,neutral
t4702,neutral
t4703,neutral
t4704,neutral
t4705,neutral
t4706,neutral
t4707,neutral
t4708,negative
t4709,neutral
t4710,neutral
t4711,neutral
t4712,neutral
t4713,neutral
t4714,neutral
t4715,neutral
t4716,neutral
t4717,neutral
t4718,neutral
t4719,neutral
t4720,neutral
t4721,negative
t4722,neutral
t4723,negative
t4724,negative
t4725,neutral
t4726,neutral
t4727,neutral
t4728,neutral
t4729,neutral
t4730,negative
t4731,neutral
t4732,neutral
t4733,neutral
t4734,neutral
t4735,neutral
t4736,neutral
t4737,neutral
t4738,neutral
t4739,neutral
t4740,neutral
t4741,neutral
t4742,neutral
t4743,neutral
t4744,neutral
t4745,neutral
t4746,positive
t4747,negative
t4748,neutral
t4749,neutral
t4750,neutral
t4751,neutral
t4752,neutral
t4753,neutral
t4754,neutral
t4755,neutral
t4756,neutral
t4757,neutral
t4758,neutral
t4759,neutral
t4760,neutral
t4761,neutral
t4762,negative
t4763,neutral
t4764,neutral
t4765,neutral
t4766,negative
t4767,neutral
t4768,neutral
t4769,neutral
t4770,neutral
t4771,neutral
t4772,neutral
t4773,neutral
t4774,neutral
t4775,neutral
t4776,neutral
t4777,neutral
t4778,neutral
t4779,neutral
t4780,neutral
t4781,neutral
t4782,neutral
t4783,neutral
t4784,neutral
t4785,neutral
t4786,neutral
t4787,neutral
t4788,neutral
t4789,neutral
t4790,neutral
t4791,neutral
t4792,neutral
t4793,neutral
t4794,neutral
t4795,neutral
t4796,neutral
t4797,neutral
t4798,neutral
t4799,neutral
t4800,neutral
t4801,neutral
t4802,negative
t4803,neutral
t4804,neutral
t4805,neutral
t4806,neutral
t4807,neutral
t4808,negative
t4809,neutral
t4810,neutral
t4811,neutral
t4812,neutral
t4813,neutral
t4814,neutral
t4815,neutral
t4816,neutral
t4817,neutral
t4818,neutral
t4819,neutral
t4820,neutral
t4821,neutral
t4822,negative
t4823,neutral
t4824,neutral
t4825,neutral
t4826,neutral
t4827,neutral
t4828,neutral
t4829,negative
t4830,neutral
t4831,neutral
t4832,neutral
t4833,neutral
t4834,neutral
t4835,neutral
t4836,neutral
t4837,neutral
t4838,neutral
t4839,positive
t4840,negative
t4841,neutral
t4842,neutral
t4843,negative
t4844,neutral
t4845,neutral
t4846,positive
t4847,neutral
t4848,negative
t4849,neutral
t4850,negative
t4851,neutral
t4852,neutral
t4853,negative
t4854,neutral
t4855,neutral
t4856,negative
t4857,neutral
t4858,neutral
t4859,neutral
t4860,neutral
t4861,neutral
t4862,neutral
t4863,neutral
t4864,negative
t4865,negative
t4866,neutral
t4867,negative
t4868,neutral
t4869,neutral
t4870,neutral
t4871,negative
t4872,neutral
t4873,negative
t4874,neutral
t4875,neutral
t4876,neutral
t4877,neutral
t4878,neutral
t4879,neutral
t4880,neutral
t4881,neutral
t4882,neutral
t4883,neutral
t4884,neutral
t4885,neutral
t4886,neutral
t4887,neutral
t4888,neutral
t4889,neutral
t4890,neutral
t4891,negative
t4892,neutral
t4893,positive
t4894,neutral
t4895,neutral
t4896,neutral
t4897,neutral
t4898,neutral
t4899,neutral
t4901,neutral
t4900,neutral
t4902,neutral
t4903,neutral
t4904,neutral
t4905,neutral
t4906,negative
t4907,neutral
t4908,neutral
t4909,neutral
t4910,neutral
t4911,neutral
t4912,neutral
t4913,neutral
t4914,neutral
t4915,neutral
t4916,neutral
t4917,neutral
t4918,neutral
t4919,neutral
t4920,neutral
t4921,neutral
t4922,neutral
t4923,neutral
t4924,neutral
t4925,neutral
t4926,neutral
t4927,neutral
t4928,neutral
t4929,neutral
t4930,neutral
t4931,neutral
t4932,neutral
t4933,neutral
t4934,neutral
t4935,neutral
t4936,neutral
t4937,neutral
t4938,negative
t4939,neutral
t4940,neutral
t4941,neutral
t4942,neutral
t4943,negative
t4944,neutral
t4945,neutral
t4946,neutral
t4947,neutral
t4948,neutral
t4949,neutral
t4950,neutral
t4951,neutral
t4952,neutral
t4953,neutral
t4954,neutral
t4955,neutral
t4956,neutral
t4957,neutral
t4958,neutral
t4959,neutral
t4960,neutral
t4961,neutral
t4962,neutral
t4963,neutral
t4964,neutral
t4965,neutral
t4966,neutral
t4967,neutral
t4968,neutral
t4969,neutral
t4970,neutral
t4971,neutral
t4972,neutral
t4973,neutral
t4974,neutral
t4975,neutral
t4976,negative
t4977,neutral
t4978,neutral
t4979,neutral
t4980,neutral
t4981,neutral
t4982,neutral
t4983,neutral
t4984,neutral
t4985,neutral
t4986,neutral
t4987,neutral
t4988,neutral
t4989,neutral
t4990,neutral
t4991,neutral
t4992,neutral
t4993,neutral
t4994,neutral
t4995,neutral
t4996,positive
t4997,negative
t4998,neutral
t4999,neutral
