Row,Predicted
t3,neutral
t2,neutral
t5,negative
t4,neutral
t6,neutral
t0,neutral
t1,neutral
t7,neutral
t11,neutral
t10,neutral
t19,neutral
t14,neutral
t9,neutral
t27,negative
t8,neutral
t18,neutral
t13,neutral
t22,neutral
t17,neutral
t26,neutral
t12,neutral
t35,neutral
t30,neutral
t16,neutral
t21,positive
t34,neutral
t25,neutral
t20,neutral
t15,neutral
t24,negative
t38,neutral
t42,neutral
t29,neutral
t50,neutral
t28,neutral
t58,neutral
t37,neutral
t23,positive
t66,neutral
t46,negative
t33,neutral
t36,neutral
t31,neutral
t45,neutral
t74,neutral
t54,positive
t44,neutral
t43,neutral
t80,neutral
t53,neutral
t39,neutral
t61,neutral
t62,neutral
t32,neutral
t85,neutral
t47,neutral
t87,neutral
t51,neutral
t69,negative
t40,neutral
t90,neutral
t77,neutral
t55,neutral
t41,neutral
t52,neutral
t59,neutral
t48,neutral
t91,neutral
t70,positive
t92,neutral
t49,neutral
t60,neutral
t93,neutral
t67,neutral
t78,neutral
t94,neutral
t57,neutral
t68,negative
t63,neutral
t75,neutral
t76,neutral
t71,neutral
t83,neutral
t79,neutral
t95,neutral
t65,neutral
t81,neutral
t89,neutral
t56,neutral
t82,neutral
t73,neutral
t64,neutral
t84,neutral
t72,neutral
t96,neutral
t86,neutral
t88,neutral
t97,neutral
t98,neutral
t99,neutral
t100,neutral
t101,neutral
t102,neutral
t103,neutral
t104,neutral
t105,negative
t106,neutral
t107,neutral
t108,neutral
t109,neutral
t110,neutral
t111,neutral
t112,neutral
t113,neutral
t114,negative
t115,neutral
t116,neutral
t117,positive
t118,neutral
t119,neutral
t120,neutral
t121,neutral
t122,neutral
t123,neutral
t124,neutral
t125,neutral
t126,neutral
t127,neutral
t128,neutral
t129,positive
t130,neutral
t131,neutral
t132,neutral
t133,neutral
t134,neutral
t135,neutral
t136,neutral
t137,neutral
t138,neutral
t139,neutral
t140,neutral
t141,neutral
t142,neutral
t143,neutral
t144,neutral
t145,neutral
t146,neutral
t147,positive
t148,neutral
t149,neutral
t150,neutral
t151,neutral
t152,neutral
t153,neutral
t154,neutral
t155,neutral
t156,neutral
t157,neutral
t158,neutral
t159,neutral
t160,neutral
t161,neutral
t162,neutral
t163,neutral
t164,neutral
t165,neutral
t166,neutral
t167,neutral
t168,neutral
t169,neutral
t170,neutral
t171,neutral
t172,neutral
t173,negative
t174,neutral
t175,neutral
t176,neutral
t177,neutral
t178,neutral
t179,negative
t180,neutral
t181,neutral
t182,neutral
t183,neutral
t184,neutral
t185,negative
t186,neutral
t187,neutral
t188,neutral
t189,neutral
t190,neutral
t191,neutral
t192,neutral
t193,neutral
t194,neutral
t195,neutral
t196,neutral
t197,neutral
t198,neutral
t199,neutral
t200,negative
t201,neutral
t202,neutral
t203,neutral
t204,positive
t205,neutral
t206,neutral
t207,neutral
t208,neutral
t209,neutral
t210,neutral
t211,neutral
t212,neutral
t213,neutral
t214,neutral
t215,negative
t216,neutral
t217,neutral
t218,neutral
t219,neutral
t220,neutral
t221,neutral
t222,neutral
t223,neutral
t224,negative
t225,neutral
t226,neutral
t227,neutral
t228,neutral
t229,neutral
t230,neutral
t231,neutral
t232,positive
t233,negative
t234,neutral
t235,neutral
t236,neutral
t237,neutral
t238,neutral
t239,neutral
t240,neutral
t241,neutral
t242,neutral
t243,neutral
t244,neutral
t245,neutral
t246,neutral
t247,neutral
t248,negative
t249,neutral
t250,neutral
t251,positive
t252,neutral
t253,neutral
t254,neutral
t255,neutral
t256,neutral
t257,neutral
t258,neutral
t259,neutral
t260,neutral
t261,neutral
t262,neutral
t263,neutral
t264,neutral
t265,neutral
t266,neutral
t267,neutral
t268,neutral
t269,negative
t270,neutral
t271,neutral
t272,neutral
t273,negative
t274,neutral
t275,neutral
t276,neutral
t277,negative
t278,neutral
t279,neutral
t280,negative
t281,neutral
t282,neutral
t283,neutral
t284,positive
t285,neutral
t286,neutral
t287,neutral
t288,neutral
t289,neutral
t290,negative
t291,neutral
t292,neutral
t293,neutral
t294,neutral
t295,neutral
t296,neutral
t297,neutral
t298,neutral
t299,positive
t300,neutral
t301,neutral
t302,neutral
t303,neutral
t304,neutral
t305,neutral
t306,neutral
t307,neutral
t308,neutral
t309,neutral
t310,neutral
t311,neutral
t312,neutral
t313,neutral
t314,neutral
t315,neutral
t316,neutral
t317,neutral
t318,neutral
t319,neutral
t320,neutral
t321,neutral
t322,neutral
t323,neutral
t324,neutral
t325,neutral
t326,neutral
t327,neutral
t328,neutral
t329,neutral
t330,neutral
t331,neutral
t332,neutral
t333,neutral
t334,neutral
t335,neutral
t336,neutral
t337,neutral
t338,neutral
t339,neutral
t340,neutral
t341,neutral
t342,neutral
t343,neutral
t344,neutral
t345,neutral
t346,neutral
t347,neutral
t348,neutral
t349,positive
t350,neutral
t351,neutral
t352,neutral
t353,neutral
t354,neutral
t355,neutral
t356,neutral
t357,neutral
t358,neutral
t359,neutral
t360,neutral
t361,neutral
t362,neutral
t363,neutral
t364,positive
t365,neutral
t366,neutral
t367,neutral
t368,neutral
t369,neutral
t370,neutral
t371,neutral
t372,neutral
t373,neutral
t374,neutral
t375,neutral
t376,neutral
t377,neutral
t378,neutral
t379,neutral
t380,neutral
t381,neutral
t382,neutral
t383,neutral
t384,neutral
t385,neutral
t386,neutral
t387,neutral
t388,neutral
t389,neutral
t390,positive
t391,neutral
t392,neutral
t393,neutral
t394,neutral
t395,neutral
t396,neutral
t397,neutral
t398,neutral
t399,neutral
t400,neutral
t401,neutral
t402,neutral
t403,neutral
t404,neutral
t405,negative
t406,neutral
t407,neutral
t408,neutral
t409,neutral
t410,neutral
t411,neutral
t412,neutral
t413,neutral
t414,neutral
t415,neutral
t416,neutral
t417,neutral
t418,neutral
t419,neutral
t420,neutral
t421,neutral
t422,neutral
t423,neutral
t424,neutral
t425,neutral
t426,negative
t427,neutral
t428,negative
t429,neutral
t430,neutral
t431,neutral
t432,neutral
t433,neutral
t434,neutral
t435,neutral
t436,neutral
t437,neutral
t438,neutral
t439,neutral
t440,neutral
t441,neutral
t442,neutral
t443,neutral
t444,neutral
t445,neutral
t446,neutral
t447,neutral
t448,neutral
t449,neutral
t450,neutral
t451,neutral
t452,neutral
t453,neutral
t454,neutral
t455,neutral
t456,neutral
t457,neutral
t458,neutral
t459,neutral
t460,neutral
t461,neutral
t462,neutral
t463,neutral
t464,neutral
t465,neutral
t466,neutral
t467,neutral
t468,neutral
t469,neutral
t470,positive
t471,neutral
t472,negative
t473,neutral
t474,neutral
t475,neutral
t476,neutral
t477,neutral
t478,neutral
t479,neutral
t480,neutral
t481,neutral
t482,neutral
t483,neutral
t484,neutral
t485,neutral
t486,neutral
t487,neutral
t488,neutral
t489,neutral
t490,neutral
t491,neutral
t492,neutral
t493,positive
t494,neutral
t495,neutral
t496,neutral
t497,neutral
t498,neutral
t499,neutral
t500,neutral
t501,neutral
t502,neutral
t503,neutral
t504,neutral
t505,neutral
t506,negative
t507,neutral
t508,negative
t509,neutral
t510,neutral
t511,neutral
t512,neutral
t513,neutral
t514,negative
t515,neutral
t516,neutral
t517,neutral
t518,neutral
t519,neutral
t520,neutral
t521,neutral
t522,neutral
t523,negative
t524,neutral
t525,positive
t526,neutral
t527,neutral
t528,neutral
t529,neutral
t530,neutral
t531,neutral
t532,positive
t533,neutral
t534,neutral
t535,neutral
t536,neutral
t537,neutral
t538,neutral
t539,neutral
t540,neutral
t541,neutral
t542,neutral
t543,neutral
t544,neutral
t545,negative
t546,neutral
t547,neutral
t548,neutral
t549,neutral
t550,neutral
t551,negative
t552,neutral
t553,neutral
t554,neutral
t555,neutral
t556,neutral
t557,neutral
t558,neutral
t559,neutral
t560,neutral
t561,negative
t562,neutral
t563,neutral
t564,neutral
t565,neutral
t566,neutral
t567,positive
t568,neutral
t569,neutral
t570,positive
t571,negative
t572,neutral
t573,positive
t574,neutral
t575,neutral
t576,neutral
t577,neutral
t578,neutral
t579,neutral
t580,neutral
t581,neutral
t582,neutral
t583,neutral
t584,neutral
t585,neutral
t586,neutral
t587,neutral
t588,neutral
t589,neutral
t590,neutral
t591,neutral
t592,neutral
t593,neutral
t594,neutral
t595,neutral
t596,neutral
t597,neutral
t598,neutral
t599,negative
t600,neutral
t601,neutral
t602,neutral
t603,neutral
t604,neutral
t605,neutral
t606,neutral
t607,neutral
t608,neutral
t609,neutral
t610,neutral
t611,neutral
t612,neutral
t613,neutral
t614,neutral
t615,neutral
t616,neutral
t617,neutral
t618,neutral
t619,neutral
t620,neutral
t621,neutral
t622,neutral
t623,positive
t624,neutral
t625,neutral
t626,neutral
t627,neutral
t628,neutral
t629,negative
t630,neutral
t631,neutral
t632,neutral
t633,neutral
t634,neutral
t635,neutral
t636,neutral
t637,neutral
t638,neutral
t639,neutral
t640,neutral
t641,positive
t642,neutral
t643,neutral
t644,neutral
t645,neutral
t646,neutral
t647,neutral
t648,neutral
t649,neutral
t650,positive
t651,positive
t652,neutral
t653,neutral
t654,neutral
t655,neutral
t656,neutral
t657,neutral
t658,neutral
t659,positive
t660,neutral
t661,negative
t662,neutral
t663,neutral
t664,negative
t665,neutral
t666,neutral
t667,neutral
t668,neutral
t669,neutral
t670,neutral
t671,neutral
t672,neutral
t673,neutral
t674,neutral
t675,neutral
t676,neutral
t677,neutral
t678,negative
t679,neutral
t680,neutral
t681,neutral
t682,neutral
t683,neutral
t684,negative
t685,neutral
t686,neutral
t687,neutral
t688,neutral
t689,positive
t690,neutral
t691,neutral
t692,neutral
t693,neutral
t694,neutral
t695,neutral
t696,neutral
t697,negative
t698,neutral
t699,neutral
t700,neutral
t701,neutral
t702,neutral
t703,neutral
t704,neutral
t705,neutral
t706,neutral
t707,neutral
t708,neutral
t709,neutral
t710,neutral
t711,neutral
t712,neutral
t713,neutral
t714,negative
t715,neutral
t716,neutral
t717,neutral
t718,neutral
t719,neutral
t720,negative
t721,negative
t722,neutral
t723,neutral
t724,positive
t725,neutral
t726,neutral
t727,positive
t728,positive
t729,neutral
t730,neutral
t731,negative
t732,neutral
t733,positive
t734,neutral
t735,neutral
t736,neutral
t737,positive
t738,neutral
t739,neutral
t740,positive
t741,neutral
t742,neutral
t743,neutral
t744,neutral
t745,neutral
t746,neutral
t747,neutral
t748,neutral
t749,neutral
t750,neutral
t751,neutral
t752,neutral
t753,neutral
t754,neutral
t755,neutral
t756,neutral
t757,neutral
t758,neutral
t759,neutral
t760,neutral
t761,neutral
t762,neutral
t763,neutral
t764,neutral
t765,neutral
t766,neutral
t767,neutral
t768,neutral
t769,neutral
t770,neutral
t771,neutral
t772,neutral
t773,neutral
t774,neutral
t775,neutral
t776,negative
t777,neutral
t778,neutral
t779,neutral
t780,positive
t781,positive
t782,neutral
t783,neutral
t784,neutral
t785,neutral
t786,neutral
t787,neutral
t788,neutral
t789,neutral
t790,neutral
t791,neutral
t792,negative
t793,negative
t794,neutral
t795,positive
t796,negative
t797,neutral
t798,neutral
t799,neutral
t800,positive
t801,neutral
t802,neutral
t803,neutral
t804,neutral
t805,neutral
t806,positive
t807,neutral
t808,neutral
t809,neutral
t810,neutral
t811,positive
t812,neutral
t813,neutral
t814,neutral
t815,neutral
t816,neutral
t817,neutral
t818,neutral
t819,neutral
t820,negative
t821,neutral
t822,neutral
t823,neutral
t824,neutral
t825,neutral
t826,neutral
t827,neutral
t828,negative
t829,neutral
t830,neutral
t831,neutral
t832,negative
t833,negative
t834,neutral
t835,neutral
t836,neutral
t837,neutral
t838,neutral
t839,neutral
t840,neutral
t841,neutral
t842,positive
t843,neutral
t844,neutral
t845,neutral
t846,neutral
t847,neutral
t848,neutral
t849,neutral
t850,neutral
t851,neutral
t852,neutral
t853,negative
t854,negative
t855,neutral
t856,neutral
t857,neutral
t858,neutral
t859,neutral
t860,neutral
t861,neutral
t862,neutral
t863,neutral
t864,neutral
t865,neutral
t866,negative
t867,positive
t868,neutral
t869,neutral
t870,neutral
t871,neutral
t872,neutral
t873,neutral
t874,neutral
t875,neutral
t876,neutral
t877,neutral
t878,neutral
t879,neutral
t880,negative
t881,neutral
t882,neutral
t883,neutral
t884,neutral
t885,neutral
t886,neutral
t887,neutral
t888,negative
t889,neutral
t890,neutral
t891,neutral
t892,neutral
t893,neutral
t894,positive
t895,neutral
t896,neutral
t897,neutral
t898,neutral
t899,neutral
t900,neutral
t901,neutral
t902,neutral
t903,negative
t904,neutral
t905,neutral
t906,neutral
t907,neutral
t908,neutral
t909,neutral
t910,neutral
t911,neutral
t912,neutral
t913,neutral
t914,neutral
t915,neutral
t916,neutral
t917,neutral
t918,neutral
t919,neutral
t920,neutral
t921,neutral
t922,neutral
t923,neutral
t924,neutral
t925,negative
t926,neutral
t927,neutral
t928,neutral
t929,neutral
t930,negative
t931,neutral
t932,neutral
t933,neutral
t934,neutral
t935,neutral
t936,neutral
t937,neutral
t938,neutral
t939,neutral
t940,neutral
t941,neutral
t942,neutral
t943,neutral
t944,neutral
t945,neutral
t946,neutral
t947,neutral
t948,neutral
t949,neutral
t950,neutral
t951,neutral
t952,neutral
t953,neutral
t954,neutral
t955,neutral
t956,neutral
t957,neutral
t958,neutral
t959,neutral
t960,neutral
t961,neutral
t962,neutral
t963,neutral
t964,neutral
t965,neutral
t966,neutral
t967,neutral
t968,neutral
t969,neutral
t970,neutral
t971,neutral
t972,neutral
t973,negative
t974,neutral
t975,neutral
t976,neutral
t977,neutral
t978,neutral
t979,positive
t980,neutral
t981,neutral
t982,neutral
t983,neutral
t984,negative
t985,neutral
t986,positive
t987,neutral
t988,neutral
t989,neutral
t990,neutral
t991,neutral
t992,neutral
t993,neutral
t994,neutral
t995,positive
t996,neutral
t997,neutral
t998,neutral
t999,neutral
t1000,neutral
t1001,neutral
t1002,neutral
t1003,neutral
t1004,neutral
t1005,neutral
t1006,neutral
t1007,neutral
t1008,neutral
t1009,positive
t1010,neutral
t1011,neutral
t1012,neutral
t1013,neutral
t1014,neutral
t1015,neutral
t1016,neutral
t1017,neutral
t1018,neutral
t1019,negative
t1020,neutral
t1021,neutral
t1022,neutral
t1023,neutral
t1024,neutral
t1025,neutral
t1026,neutral
t1027,neutral
t1028,neutral
t1029,neutral
t1030,neutral
t1031,neutral
t1032,neutral
t1033,neutral
t1034,neutral
t1035,neutral
t1036,neutral
t1037,neutral
t1038,neutral
t1039,neutral
t1040,positive
t1041,negative
t1042,neutral
t1043,neutral
t1044,neutral
t1045,neutral
t1046,neutral
t1047,neutral
t1048,neutral
t1049,neutral
t1050,neutral
t1051,neutral
t1052,neutral
t1053,positive
t1054,neutral
t1055,neutral
t1056,neutral
t1057,neutral
t1058,neutral
t1059,neutral
t1060,neutral
t1061,neutral
t1062,neutral
t1063,neutral
t1064,neutral
t1065,neutral
t1066,neutral
t1067,neutral
t1068,neutral
t1069,negative
t1070,neutral
t1071,neutral
t1072,neutral
t1073,negative
t1074,neutral
t1075,neutral
t1076,neutral
t1077,neutral
t1078,neutral
t1079,negative
t1080,neutral
t1081,neutral
t1082,neutral
t1083,neutral
t1084,neutral
t1085,neutral
t1086,positive
t1087,neutral
t1088,neutral
t1089,neutral
t1090,neutral
t1091,neutral
t1092,neutral
t1093,negative
t1094,neutral
t1095,neutral
t1096,neutral
t1097,neutral
t1098,neutral
t1099,neutral
t1100,neutral
t1101,neutral
t1102,neutral
t1103,negative
t1104,neutral
t1105,neutral
t1106,neutral
t1107,neutral
t1108,neutral
t1109,negative
t1110,neutral
t1111,neutral
t1112,neutral
t1113,neutral
t1114,neutral
t1115,neutral
t1116,neutral
t1117,neutral
t1118,neutral
t1119,neutral
t1120,neutral
t1121,neutral
t1122,neutral
t1123,neutral
t1124,neutral
t1125,neutral
t1126,neutral
t1127,neutral
t1128,neutral
t1129,neutral
t1130,neutral
t1131,neutral
t1132,neutral
t1133,neutral
t1134,neutral
t1135,neutral
t1136,neutral
t1137,neutral
t1138,neutral
t1139,neutral
t1140,neutral
t1141,neutral
t1142,neutral
t1143,neutral
t1144,neutral
t1145,neutral
t1146,neutral
t1147,negative
t1148,neutral
t1149,neutral
t1150,neutral
t1151,neutral
t1152,neutral
t1153,neutral
t1154,neutral
t1155,neutral
t1156,neutral
t1157,neutral
t1158,neutral
t1159,neutral
t1160,neutral
t1161,neutral
t1162,neutral
t1163,neutral
t1164,neutral
t1165,neutral
t1166,neutral
t1167,neutral
t1168,neutral
t1169,neutral
t1170,neutral
t1171,neutral
t1172,neutral
t1173,positive
t1174,neutral
t1175,neutral
t1176,neutral
t1177,neutral
t1178,neutral
t1179,negative
t1180,neutral
t1181,neutral
t1182,neutral
t1183,neutral
t1184,neutral
t1185,neutral
t1186,neutral
t1187,neutral
t1188,neutral
t1189,neutral
t1190,neutral
t1191,neutral
t1192,neutral
t1193,neutral
t1194,neutral
t1195,neutral
t1196,neutral
t1197,neutral
t1198,neutral
t1199,neutral
t1200,neutral
t1201,neutral
t1202,neutral
t1203,neutral
t1204,neutral
t1205,neutral
t1206,neutral
t1207,neutral
t1208,neutral
t1209,neutral
t1210,neutral
t1211,neutral
t1212,neutral
t1213,neutral
t1214,neutral
t1215,neutral
t1216,neutral
t1217,neutral
t1218,neutral
t1219,positive
t1220,neutral
t1221,neutral
t1222,positive
t1223,neutral
t1224,neutral
t1225,neutral
t1226,neutral
t1227,neutral
t1228,neutral
t1229,neutral
t1230,neutral
t1231,neutral
t1232,neutral
t1233,neutral
t1234,neutral
t1235,neutral
t1236,negative
t1237,neutral
t1238,neutral
t1239,neutral
t1240,neutral
t1241,negative
t1242,neutral
t1243,positive
t1244,neutral
t1245,neutral
t1246,neutral
t1247,neutral
t1248,neutral
t1249,neutral
t1250,neutral
t1251,neutral
t1252,neutral
t1253,neutral
t1254,neutral
t1255,neutral
t1256,negative
t1257,negative
t1258,neutral
t1259,neutral
t1260,neutral
t1261,neutral
t1262,neutral
t1263,neutral
t1264,neutral
t1265,negative
t1266,neutral
t1267,neutral
t1268,neutral
t1269,negative
t1270,neutral
t1271,neutral
t1272,neutral
t1273,neutral
t1274,neutral
t1275,neutral
t1276,neutral
t1277,neutral
t1278,neutral
t1279,neutral
t1280,neutral
t1281,neutral
t1282,neutral
t1283,neutral
t1284,neutral
t1285,neutral
t1286,neutral
t1287,neutral
t1288,neutral
t1289,neutral
t1290,neutral
t1291,neutral
t1292,neutral
t1293,neutral
t1294,neutral
t1295,neutral
t1296,neutral
t1297,neutral
t1298,neutral
t1299,neutral
t1300,neutral
t1301,neutral
t1302,neutral
t1303,neutral
t1304,neutral
t1305,neutral
t1306,neutral
t1307,neutral
t1308,neutral
t1309,neutral
t1310,neutral
t1311,positive
t1312,neutral
t1313,negative
t1314,neutral
t1315,neutral
t1316,neutral
t1317,neutral
t1318,neutral
t1319,neutral
t1320,neutral
t1321,neutral
t1322,neutral
t1323,neutral
t1324,neutral
t1325,neutral
t1326,neutral
t1327,neutral
t1328,neutral
t1329,neutral
t1330,neutral
t1331,neutral
t1332,neutral
t1333,neutral
t1334,neutral
t1335,neutral
t1336,neutral
t1337,neutral
t1338,neutral
t1339,neutral
t1340,neutral
t1341,neutral
t1342,neutral
t1343,neutral
t1344,neutral
t1345,neutral
t1346,neutral
t1347,neutral
t1348,negative
t1349,negative
t1350,neutral
t1351,neutral
t1352,neutral
t1353,neutral
t1354,neutral
t1355,neutral
t1356,neutral
t1357,neutral
t1358,neutral
t1359,neutral
t1360,neutral
t1361,positive
t1362,neutral
t1363,neutral
t1364,neutral
t1365,neutral
t1366,neutral
t1367,neutral
t1368,neutral
t1369,neutral
t1370,neutral
t1371,positive
t1372,neutral
t1373,neutral
t1374,neutral
t1375,neutral
t1376,neutral
t1377,positive
t1378,neutral
t1379,neutral
t1380,neutral
t1381,neutral
t1382,neutral
t1383,neutral
t1384,neutral
t1385,neutral
t1386,neutral
t1387,neutral
t1388,neutral
t1389,neutral
t1390,neutral
t1391,positive
t1392,neutral
t1393,neutral
t1394,neutral
t1395,neutral
t1396,negative
t1397,neutral
t1398,neutral
t1399,neutral
t1400,negative
t1401,neutral
t1402,neutral
t1403,neutral
t1404,neutral
t1405,negative
t1406,neutral
t1407,neutral
t1408,neutral
t1409,neutral
t1410,neutral
t1411,neutral
t1412,neutral
t1413,neutral
t1414,neutral
t1415,neutral
t1416,neutral
t1417,neutral
t1418,neutral
t1419,neutral
t1420,neutral
t1421,neutral
t1422,neutral
t1423,neutral
t1424,neutral
t1425,neutral
t1426,neutral
t1427,neutral
t1428,neutral
t1429,neutral
t1430,neutral
t1431,neutral
t1432,neutral
t1433,neutral
t1434,neutral
t1435,neutral
t1436,neutral
t1437,neutral
t1438,neutral
t1439,neutral
t1440,neutral
t1441,neutral
t1442,neutral
t1443,negative
t1444,neutral
t1445,neutral
t1446,neutral
t1447,neutral
t1448,neutral
t1449,neutral
t1450,negative
t1451,neutral
t1452,neutral
t1453,neutral
t1454,neutral
t1455,neutral
t1456,neutral
t1457,neutral
t1458,neutral
t1459,neutral
t1460,neutral
t1461,neutral
t1462,neutral
t1463,neutral
t1464,neutral
t1465,neutral
t1466,neutral
t1467,neutral
t1468,neutral
t1469,neutral
t1470,neutral
t1471,neutral
t1472,neutral
t1473,neutral
t1474,negative
t1475,neutral
t1476,neutral
t1477,neutral
t1478,neutral
t1479,neutral
t1480,neutral
t1481,neutral
t1482,neutral
t1483,neutral
t1484,neutral
t1485,neutral
t1486,neutral
t1487,neutral
t1488,neutral
t1489,neutral
t1490,neutral
t1491,neutral
t1492,negative
t1493,neutral
t1494,neutral
t1495,neutral
t1496,neutral
t1497,neutral
t1498,neutral
t1499,neutral
t1500,neutral
t1501,neutral
t1502,neutral
t1503,neutral
t1504,neutral
t1505,neutral
t1506,neutral
t1507,neutral
t1508,neutral
t1509,neutral
t1510,neutral
t1511,neutral
t1512,neutral
t1513,neutral
t1514,neutral
t1515,neutral
t1516,neutral
t1517,neutral
t1518,neutral
t1519,neutral
t1520,neutral
t1521,neutral
t1522,neutral
t1523,neutral
t1524,neutral
t1525,neutral
t1526,neutral
t1527,negative
t1528,neutral
t1529,neutral
t1530,neutral
t1531,neutral
t1532,neutral
t1533,neutral
t1534,neutral
t1535,neutral
t1536,neutral
t1537,neutral
t1538,neutral
t1539,neutral
t1540,negative
t1541,neutral
t1542,neutral
t1543,neutral
t1544,neutral
t1545,negative
t1546,neutral
t1547,neutral
t1548,neutral
t1549,positive
t1550,neutral
t1551,neutral
t1552,positive
t1553,neutral
t1554,neutral
t1555,neutral
t1556,neutral
t1557,neutral
t1558,neutral
t1559,neutral
t1560,neutral
t1561,neutral
t1562,neutral
t1563,neutral
t1564,neutral
t1565,neutral
t1566,neutral
t1567,neutral
t1568,neutral
t1569,neutral
t1570,neutral
t1571,neutral
t1572,neutral
t1573,neutral
t1574,negative
t1575,neutral
t1576,neutral
t1577,neutral
t1578,neutral
t1579,neutral
t1580,neutral
t1581,neutral
t1582,neutral
t1583,neutral
t1584,negative
t1585,neutral
t1586,neutral
t1587,neutral
t1588,neutral
t1589,neutral
t1590,neutral
t1591,neutral
t1592,neutral
t1593,neutral
t1594,neutral
t1595,neutral
t1596,neutral
t1597,neutral
t1598,neutral
t1599,neutral
t1600,neutral
t1601,neutral
t1602,neutral
t1603,neutral
t1604,neutral
t1605,neutral
t1606,neutral
t1607,neutral
t1608,neutral
t1609,neutral
t1610,neutral
t1611,neutral
t1612,neutral
t1613,neutral
t1614,neutral
t1615,neutral
t1616,neutral
t1617,neutral
t1618,neutral
t1619,neutral
t1620,neutral
t1621,neutral
t1622,neutral
t1623,neutral
t1624,neutral
t1625,neutral
t1626,neutral
t1627,neutral
t1628,neutral
t1629,neutral
t1630,neutral
t1631,neutral
t1632,neutral
t1633,neutral
t1634,neutral
t1635,neutral
t1636,positive
t1637,negative
t1638,neutral
t1639,neutral
t1640,neutral
t1641,neutral
t1642,neutral
t1643,neutral
t1644,neutral
t1645,neutral
t1646,negative
t1647,neutral
t1648,neutral
t1649,neutral
t1650,neutral
t1651,neutral
t1652,neutral
t1653,neutral
t1654,neutral
t1655,neutral
t1656,neutral
t1657,neutral
t1658,neutral
t1659,neutral
t1660,neutral
t1661,neutral
t1662,negative
t1663,neutral
t1664,neutral
t1665,neutral
t1666,neutral
t1667,positive
t1668,neutral
t1669,neutral
t1670,neutral
t1671,neutral
t1672,neutral
t1673,neutral
t1674,neutral
t1675,neutral
t1676,neutral
t1677,neutral
t1678,neutral
t1679,neutral
t1680,neutral
t1681,neutral
t1682,neutral
t1683,neutral
t1684,neutral
t1685,neutral
t1686,neutral
t1687,neutral
t1688,neutral
t1689,neutral
t1690,positive
t1691,neutral
t1692,neutral
t1693,neutral
t1694,neutral
t1695,neutral
t1696,neutral
t1697,neutral
t1698,neutral
t1699,neutral
t1700,neutral
t1701,neutral
t1702,neutral
t1703,neutral
t1704,neutral
t1705,neutral
t1706,negative
t1707,neutral
t1708,neutral
t1709,neutral
t1710,neutral
t1711,neutral
t1712,positive
t1713,neutral
t1714,neutral
t1715,neutral
t1716,neutral
t1717,neutral
t1718,neutral
t1719,neutral
t1720,neutral
t1721,neutral
t1722,neutral
t1723,negative
t1724,neutral
t1725,neutral
t1726,neutral
t1727,neutral
t1728,neutral
t1729,neutral
t1730,negative
t1731,neutral
t1732,neutral
t1733,neutral
t1734,neutral
t1735,positive
t1736,neutral
t1737,negative
t1738,neutral
t1739,neutral
t1740,neutral
t1741,neutral
t1742,neutral
t1743,negative
t1744,neutral
t1745,neutral
t1746,neutral
t1747,neutral
t1748,positive
t1749,positive
t1750,neutral
t1751,positive
t1752,neutral
t1753,neutral
t1754,neutral
t1755,neutral
t1756,neutral
t1757,neutral
t1758,negative
t1759,neutral
t1760,negative
t1761,neutral
t1762,neutral
t1763,neutral
t1764,neutral
t1765,neutral
t1766,neutral
t1767,neutral
t1768,neutral
t1769,neutral
t1770,neutral
t1771,neutral
t1772,neutral
t1773,neutral
t1774,neutral
t1775,neutral
t1776,neutral
t1777,neutral
t1778,neutral
t1779,neutral
t1780,neutral
t1781,positive
t1782,neutral
t1783,neutral
t1784,neutral
t1785,neutral
t1786,neutral
t1787,neutral
t1788,neutral
t1789,neutral
t1790,neutral
t1791,neutral
t1792,neutral
t1793,neutral
t1794,negative
t1795,neutral
t1796,neutral
t1797,neutral
t1798,neutral
t1799,neutral
t1800,positive
t1801,neutral
t1802,neutral
t1803,neutral
t1804,negative
t1805,negative
t1806,neutral
t1807,neutral
t1808,neutral
t1809,neutral
t1810,neutral
t1811,neutral
t1812,neutral
t1813,positive
t1814,neutral
t1815,neutral
t1816,negative
t1817,neutral
t1818,neutral
t1819,neutral
t1820,neutral
t1821,neutral
t1822,neutral
t1823,neutral
t1824,neutral
t1825,neutral
t1826,neutral
t1827,neutral
t1828,neutral
t1829,neutral
t1830,positive
t1831,neutral
t1832,neutral
t1833,neutral
t1834,negative
t1835,neutral
t1836,neutral
t1837,neutral
t1838,neutral
t1839,neutral
t1840,neutral
t1841,neutral
t1842,neutral
t1843,neutral
t1844,positive
t1845,neutral
t1846,neutral
t1847,negative
t1848,neutral
t1849,neutral
t1850,neutral
t1851,neutral
t1852,neutral
t1853,neutral
t1854,neutral
t1855,negative
t1856,neutral
t1857,neutral
t1858,neutral
t1859,neutral
t1860,neutral
t1861,neutral
t1862,neutral
t1863,neutral
t1864,negative
t1865,neutral
t1866,neutral
t1867,neutral
t1868,neutral
t1869,neutral
t1870,neutral
t1871,neutral
t1872,neutral
t1873,neutral
t1874,neutral
t1875,neutral
t1876,neutral
t1877,neutral
t1878,neutral
t1879,neutral
t1880,neutral
t1881,positive
t1882,neutral
t1883,neutral
t1884,neutral
t1885,neutral
t1886,neutral
t1887,neutral
t1888,neutral
t1889,neutral
t1890,neutral
t1891,neutral
t1892,neutral
t1893,neutral
t1894,neutral
t1895,neutral
t1896,neutral
t1897,neutral
t1898,neutral
t1899,neutral
t1900,neutral
t1901,neutral
t1902,neutral
t1903,neutral
t1904,positive
t1905,neutral
t1906,negative
t1907,positive
t1908,neutral
t1909,neutral
t1910,neutral
t1911,neutral
t1912,neutral
t1913,negative
t1914,neutral
t1915,neutral
t1916,positive
t1917,positive
t1918,neutral
t1919,neutral
t1920,neutral
t1921,neutral
t1922,negative
t1923,neutral
t1924,neutral
t1925,neutral
t1926,neutral
t1927,neutral
t1928,neutral
t1929,positive
t1930,neutral
t1931,neutral
t1932,negative
t1933,neutral
t1934,neutral
t1935,neutral
t1936,neutral
t1937,neutral
t1938,neutral
t1939,neutral
t1940,neutral
t1941,neutral
t1942,neutral
t1943,neutral
t1944,neutral
t1945,positive
t1946,negative
t1947,neutral
t1948,neutral
t1949,neutral
t1950,neutral
t1951,neutral
t1952,neutral
t1953,neutral
t1954,neutral
t1955,neutral
t1956,neutral
t1957,neutral
t1958,neutral
t1959,neutral
t1960,neutral
t1961,neutral
t1962,neutral
t1963,neutral
t1964,neutral
t1965,negative
t1966,neutral
t1967,neutral
t1968,neutral
t1969,neutral
t1970,neutral
t1971,neutral
t1972,neutral
t1973,neutral
t1974,neutral
t1975,neutral
t1976,neutral
t1977,neutral
t1978,neutral
t1979,neutral
t1980,neutral
t1981,neutral
t1982,neutral
t1983,neutral
t1984,neutral
t1985,neutral
t1986,negative
t1987,neutral
t1988,neutral
t1989,neutral
t1990,neutral
t1991,neutral
t1992,neutral
t1993,neutral
t1994,negative
t1995,neutral
t1996,neutral
t1997,negative
t1998,neutral
t1999,neutral
t2000,neutral
t2001,neutral
t2002,neutral
t2003,neutral
t2004,neutral
t2005,neutral
t2006,neutral
t2007,neutral
t2008,neutral
t2009,neutral
t2010,neutral
t2011,neutral
t2012,neutral
t2013,neutral
t2014,neutral
t2015,neutral
t2016,neutral
t2017,neutral
t2018,neutral
t2019,neutral
t2020,neutral
t2021,neutral
t2022,neutral
t2023,positive
t2024,neutral
t2025,neutral
t2026,neutral
t2027,neutral
t2028,positive
t2029,neutral
t2030,neutral
t2031,neutral
t2032,negative
t2033,neutral
t2034,neutral
t2035,neutral
t2036,neutral
t2037,neutral
t2038,neutral
t2039,neutral
t2040,neutral
t2041,neutral
t2042,neutral
t2043,neutral
t2044,neutral
t2045,neutral
t2046,neutral
t2047,neutral
t2048,neutral
t2049,neutral
t2050,positive
t2051,neutral
t2052,neutral
t2053,neutral
t2054,neutral
t2055,neutral
t2056,neutral
t2057,neutral
t2058,neutral
t2059,neutral
t2060,neutral
t2061,neutral
t2062,negative
t2063,neutral
t2064,negative
t2065,neutral
t2066,neutral
t2067,neutral
t2068,neutral
t2069,neutral
t2070,neutral
t2071,neutral
t2072,neutral
t2073,neutral
t2074,neutral
t2075,neutral
t2076,neutral
t2077,neutral
t2078,neutral
t2079,neutral
t2080,neutral
t2081,neutral
t2082,neutral
t2083,negative
t2084,neutral
t2085,neutral
t2086,neutral
t2087,neutral
t2088,neutral
t2089,neutral
t2090,neutral
t2091,neutral
t2092,neutral
t2093,neutral
t2094,neutral
t2095,neutral
t2096,neutral
t2097,neutral
t2098,neutral
t2099,neutral
t2100,neutral
t2101,neutral
t2102,neutral
t2103,neutral
t2104,neutral
t2105,neutral
t2106,neutral
t2107,neutral
t2108,neutral
t2109,neutral
t2110,neutral
t2111,neutral
t2112,neutral
t2113,neutral
t2114,neutral
t2115,negative
t2116,neutral
t2117,negative
t2118,neutral
t2119,neutral
t2120,neutral
t2121,neutral
t2122,neutral
t2123,neutral
t2124,neutral
t2125,neutral
t2126,neutral
t2127,neutral
t2128,neutral
t2129,neutral
t2130,neutral
t2131,neutral
t2132,neutral
t2133,neutral
t2134,neutral
t2135,neutral
t2136,neutral
t2137,neutral
t2138,neutral
t2139,neutral
t2140,neutral
t2141,negative
t2142,neutral
t2143,neutral
t2144,neutral
t2145,neutral
t2146,neutral
t2147,neutral
t2148,neutral
t2149,neutral
t2150,neutral
t2151,neutral
t2152,neutral
t2153,neutral
t2154,positive
t2155,neutral
t2156,neutral
t2157,neutral
t2158,neutral
t2159,neutral
t2160,neutral
t2161,negative
t2162,negative
t2163,neutral
t2164,neutral
t2165,neutral
t2166,neutral
t2167,neutral
t2168,neutral
t2169,negative
t2170,neutral
t2171,neutral
t2172,neutral
t2173,neutral
t2174,neutral
t2175,neutral
t2176,neutral
t2177,neutral
t2178,neutral
t2179,neutral
t2180,neutral
t2181,neutral
t2182,neutral
t2183,negative
t2184,neutral
t2185,neutral
t2186,neutral
t2187,neutral
t2188,negative
t2189,neutral
t2190,neutral
t2191,positive
t2192,neutral
t2193,negative
t2194,neutral
t2195,neutral
t2196,neutral
t2197,neutral
t2198,negative
t2199,neutral
t2200,negative
t2201,neutral
t2202,neutral
t2203,neutral
t2204,neutral
t2205,neutral
t2206,neutral
t2207,neutral
t2208,neutral
t2209,neutral
t2210,neutral
t2211,neutral
t2212,neutral
t2213,neutral
t2214,neutral
t2215,neutral
t2216,neutral
t2217,neutral
t2218,neutral
t2219,neutral
t2220,neutral
t2221,neutral
t2222,neutral
t2223,neutral
t2224,neutral
t2225,neutral
t2226,neutral
t2227,neutral
t2228,neutral
t2229,neutral
t2230,negative
t2231,neutral
t2232,neutral
t2233,neutral
t2234,neutral
t2235,neutral
t2236,neutral
t2237,neutral
t2238,neutral
t2239,neutral
t2240,neutral
t2241,neutral
t2242,neutral
t2243,neutral
t2244,neutral
t2245,neutral
t2246,neutral
t2247,neutral
t2248,neutral
t2249,negative
t2250,neutral
t2251,neutral
t2252,neutral
t2253,negative
t2254,positive
t2255,neutral
t2256,neutral
t2257,neutral
t2258,neutral
t2259,neutral
t2260,neutral
t2261,negative
t2262,neutral
t2263,neutral
t2264,neutral
t2265,neutral
t2266,neutral
t2267,neutral
t2268,neutral
t2269,positive
t2270,neutral
t2271,neutral
t2272,neutral
t2273,neutral
t2274,neutral
t2275,neutral
t2276,neutral
t2277,neutral
t2278,neutral
t2279,neutral
t2280,neutral
t2281,neutral
t2282,neutral
t2283,neutral
t2284,neutral
t2285,neutral
t2286,neutral
t2287,positive
t2288,neutral
t2289,neutral
t2290,neutral
t2291,neutral
t2292,positive
t2293,neutral
t2294,neutral
t2295,neutral
t2296,neutral
t2297,neutral
t2298,neutral
t2299,negative
t2300,neutral
t2301,neutral
t2302,neutral
t2303,neutral
t2304,neutral
t2305,neutral
t2306,neutral
t2307,neutral
t2308,neutral
t2309,neutral
t2310,neutral
t2311,neutral
t2312,neutral
t2313,neutral
t2314,neutral
t2315,neutral
t2316,neutral
t2317,neutral
t2318,neutral
t2319,negative
t2320,negative
t2321,neutral
t2322,negative
t2323,neutral
t2324,neutral
t2325,neutral
t2326,neutral
t2327,neutral
t2328,neutral
t2329,neutral
t2330,negative
t2331,neutral
t2332,neutral
t2333,neutral
t2334,neutral
t2335,neutral
t2336,neutral
t2337,neutral
t2338,positive
t2339,neutral
t2340,neutral
t2341,negative
t2342,neutral
t2343,neutral
t2344,neutral
t2345,neutral
t2346,neutral
t2347,neutral
t2348,negative
t2349,neutral
t2350,neutral
t2351,neutral
t2352,neutral
t2353,neutral
t2354,neutral
t2355,neutral
t2356,neutral
t2357,neutral
t2358,neutral
t2359,neutral
t2360,neutral
t2361,neutral
t2362,neutral
t2363,negative
t2364,neutral
t2365,neutral
t2366,neutral
t2367,neutral
t2368,neutral
t2369,neutral
t2370,neutral
t2371,neutral
t2372,negative
t2373,neutral
t2374,neutral
t2375,neutral
t2376,neutral
t2377,neutral
t2378,neutral
t2379,neutral
t2380,neutral
t2381,neutral
t2382,neutral
t2383,neutral
t2384,neutral
t2385,neutral
t2386,neutral
t2387,neutral
t2388,neutral
t2389,neutral
t2390,neutral
t2391,neutral
t2392,neutral
t2393,positive
t2394,neutral
t2395,neutral
t2396,neutral
t2397,neutral
t2398,neutral
t2399,neutral
t2400,neutral
t2401,negative
t2402,neutral
t2403,neutral
t2404,neutral
t2405,neutral
t2406,neutral
t2407,neutral
t2408,neutral
t2409,neutral
t2410,neutral
t2411,neutral
t2412,neutral
t2413,neutral
t2414,neutral
t2415,neutral
t2416,neutral
t2417,neutral
t2418,neutral
t2419,neutral
t2420,neutral
t2421,neutral
t2422,neutral
t2423,neutral
t2424,neutral
t2425,neutral
t2426,neutral
t2427,neutral
t2428,positive
t2429,neutral
t2430,neutral
t2431,neutral
t2432,neutral
t2433,neutral
t2434,neutral
t2435,neutral
t2436,neutral
t2437,neutral
t2438,neutral
t2439,neutral
t2440,neutral
t2441,neutral
t2442,neutral
t2443,neutral
t2444,neutral
t2445,neutral
t2446,neutral
t2447,neutral
t2448,negative
t2449,neutral
t2450,neutral
t2451,neutral
t2452,neutral
t2453,neutral
t2454,neutral
t2455,neutral
t2456,neutral
t2457,neutral
t2458,neutral
t2459,negative
t2460,neutral
t2461,neutral
t2462,neutral
t2463,neutral
t2464,neutral
t2465,neutral
t2466,neutral
t2467,neutral
t2468,neutral
t2469,neutral
t2470,neutral
t2471,neutral
t2472,neutral
t2473,neutral
t2474,neutral
t2475,neutral
t2476,neutral
t2477,neutral
t2478,neutral
t2479,neutral
t2480,neutral
t2481,neutral
t2482,neutral
t2483,neutral
t2484,neutral
t2485,neutral
t2486,neutral
t2487,neutral
t2488,neutral
t2489,neutral
t2490,neutral
t2491,neutral
t2492,neutral
t2493,neutral
t2494,neutral
t2495,neutral
t2496,neutral
t2497,neutral
t2498,neutral
t2499,neutral
t2500,neutral
t2501,neutral
t2502,neutral
t2503,neutral
t2504,neutral
t2505,neutral
t2506,neutral
t2507,positive
t2508,neutral
t2509,neutral
t2510,neutral
t2511,neutral
t2512,neutral
t2513,neutral
t2514,neutral
t2515,neutral
t2516,neutral
t2517,neutral
t2518,neutral
t2519,neutral
t2520,neutral
t2521,neutral
t2522,neutral
t2523,negative
t2524,neutral
t2525,neutral
t2526,neutral
t2527,neutral
t2528,neutral
t2529,neutral
t2530,neutral
t2531,neutral
t2532,positive
t2533,neutral
t2534,neutral
t2535,neutral
t2536,neutral
t2537,neutral
t2538,neutral
t2539,neutral
t2540,neutral
t2541,neutral
t2542,neutral
t2543,neutral
t2544,neutral
t2545,neutral
t2546,neutral
t2547,positive
t2548,neutral
t2549,neutral
t2550,neutral
t2551,neutral
t2552,neutral
t2553,neutral
t2554,neutral
t2555,neutral
t2556,neutral
t2557,neutral
t2558,neutral
t2559,neutral
t2560,neutral
t2561,neutral
t2562,positive
t2563,neutral
t2564,neutral
t2565,neutral
t2566,neutral
t2567,neutral
t2568,neutral
t2569,neutral
t2570,neutral
t2571,neutral
t2572,neutral
t2573,neutral
t2574,neutral
t2575,neutral
t2576,neutral
t2577,neutral
t2578,neutral
t2579,neutral
t2580,neutral
t2581,neutral
t2582,neutral
t2583,neutral
t2584,neutral
t2585,neutral
t2586,neutral
t2587,neutral
t2588,neutral
t2589,neutral
t2590,neutral
t2591,neutral
t2592,neutral
t2593,neutral
t2594,neutral
t2595,neutral
t2596,neutral
t2597,neutral
t2598,neutral
t2599,neutral
t2600,neutral
t2601,neutral
t2602,neutral
t2603,neutral
t2604,neutral
t2605,neutral
t2606,neutral
t2607,neutral
t2608,neutral
t2609,neutral
t2610,neutral
t2611,neutral
t2612,neutral
t2613,neutral
t2614,neutral
t2615,neutral
t2616,neutral
t2617,neutral
t2618,neutral
t2619,neutral
t2620,neutral
t2621,neutral
t2622,neutral
t2623,neutral
t2624,neutral
t2625,neutral
t2626,neutral
t2627,neutral
t2628,neutral
t2629,neutral
t2630,neutral
t2631,positive
t2632,neutral
t2633,neutral
t2634,neutral
t2635,neutral
t2636,neutral
t2637,neutral
t2638,neutral
t2639,neutral
t2640,neutral
t2641,neutral
t2642,neutral
t2643,neutral
t2644,neutral
t2645,neutral
t2646,neutral
t2647,neutral
t2648,negative
t2649,neutral
t2650,neutral
t2651,neutral
t2652,neutral
t2653,neutral
t2654,negative
t2655,neutral
t2656,neutral
t2657,neutral
t2658,negative
t2659,neutral
t2660,neutral
t2661,neutral
t2662,neutral
t2663,neutral
t2664,neutral
t2665,neutral
t2666,neutral
t2667,neutral
t2668,neutral
t2669,neutral
t2670,negative
t2671,neutral
t2672,neutral
t2673,neutral
t2674,neutral
t2675,neutral
t2676,neutral
t2677,negative
t2678,neutral
t2679,neutral
t2680,neutral
t2681,neutral
t2682,neutral
t2683,neutral
t2684,neutral
t2685,neutral
t2686,neutral
t2687,neutral
t2688,negative
t2689,neutral
t2690,neutral
t2691,neutral
t2692,neutral
t2693,neutral
t2694,neutral
t2695,neutral
t2696,neutral
t2697,neutral
t2698,neutral
t2699,neutral
t2700,neutral
t2701,neutral
t2702,neutral
t2703,neutral
t2704,neutral
t2705,neutral
t2706,neutral
t2707,negative
t2708,positive
t2709,neutral
t2710,neutral
t2711,neutral
t2712,neutral
t2713,neutral
t2714,neutral
t2715,neutral
t2716,neutral
t2717,negative
t2718,neutral
t2719,neutral
t2720,neutral
t2721,positive
t2722,neutral
t2723,neutral
t2724,positive
t2725,neutral
t2726,neutral
t2727,neutral
t2728,neutral
t2729,neutral
t2730,neutral
t2731,neutral
t2732,neutral
t2733,neutral
t2734,neutral
t2735,neutral
t2736,negative
t2737,neutral
t2738,neutral
t2739,neutral
t2740,neutral
t2741,neutral
t2742,neutral
t2743,positive
t2744,neutral
t2745,neutral
t2746,neutral
t2747,positive
t2748,neutral
t2749,neutral
t2750,neutral
t2751,neutral
t2752,neutral
t2753,neutral
t2754,neutral
t2755,neutral
t2756,neutral
t2757,neutral
t2758,neutral
t2759,negative
t2760,neutral
t2761,neutral
t2762,neutral
t2763,neutral
t2764,neutral
t2765,neutral
t2766,neutral
t2767,neutral
t2768,neutral
t2769,neutral
t2770,neutral
t2771,neutral
t2772,neutral
t2773,neutral
t2774,neutral
t2775,neutral
t2776,neutral
t2777,neutral
t2778,neutral
t2779,neutral
t2780,neutral
t2781,neutral
t2782,neutral
t2783,neutral
t2784,neutral
t2785,neutral
t2786,neutral
t2787,neutral
t2788,neutral
t2789,neutral
t2790,neutral
t2791,neutral
t2792,negative
t2793,neutral
t2794,neutral
t2795,neutral
t2796,neutral
t2797,neutral
t2798,neutral
t2799,neutral
t2800,neutral
t2801,neutral
t2802,neutral
t2803,neutral
t2804,neutral
t2805,neutral
t2806,neutral
t2807,neutral
t2808,neutral
t2809,neutral
t2810,neutral
t2811,neutral
t2812,neutral
t2813,neutral
t2814,neutral
t2815,neutral
t2816,neutral
t2817,neutral
t2818,neutral
t2819,neutral
t2820,neutral
t2821,neutral
t2822,neutral
t2823,neutral
t2824,neutral
t2825,neutral
t2826,neutral
t2827,neutral
t2828,neutral
t2829,neutral
t2830,neutral
t2831,neutral
t2832,neutral
t2833,neutral
t2834,neutral
t2835,neutral
t2836,neutral
t2837,neutral
t2838,neutral
t2839,neutral
t2840,neutral
t2841,neutral
t2842,neutral
t2843,neutral
t2844,neutral
t2845,neutral
t2846,neutral
t2847,neutral
t2848,neutral
t2849,neutral
t2850,neutral
t2851,neutral
t2852,neutral
t2853,neutral
t2854,neutral
t2855,neutral
t2856,neutral
t2857,neutral
t2858,neutral
t2859,positive
t2860,neutral
t2861,neutral
t2862,neutral
t2863,neutral
t2864,neutral
t2865,neutral
t2866,neutral
t2867,neutral
t2868,neutral
t2869,neutral
t2870,neutral
t2871,neutral
t2872,neutral
t2873,neutral
t2874,neutral
t2875,neutral
t2876,neutral
t2877,neutral
t2878,neutral
t2879,neutral
t2880,neutral
t2881,negative
t2882,neutral
t2883,neutral
t2884,neutral
t2885,negative
t2886,negative
t2887,neutral
t2888,neutral
t2889,neutral
t2890,neutral
t2891,neutral
t2892,negative
t2893,neutral
t2894,neutral
t2895,positive
t2896,neutral
t2897,neutral
t2898,neutral
t2899,neutral
t2900,neutral
t2901,neutral
t2902,neutral
t2903,neutral
t2904,neutral
t2905,neutral
t2906,negative
t2907,neutral
t2908,neutral
t2909,negative
t2910,neutral
t2911,neutral
t2912,neutral
t2913,neutral
t2914,neutral
t2915,neutral
t2916,neutral
t2917,neutral
t2918,neutral
t2919,neutral
t2920,neutral
t2921,neutral
t2922,neutral
t2923,neutral
t2924,neutral
t2925,neutral
t2926,neutral
t2927,neutral
t2928,neutral
t2929,neutral
t2930,neutral
t2931,neutral
t2932,neutral
t2933,neutral
t2934,neutral
t2935,neutral
t2936,neutral
t2937,neutral
t2938,neutral
t2939,neutral
t2940,neutral
t2941,neutral
t2942,neutral
t2943,neutral
t2944,neutral
t2945,neutral
t2946,neutral
t2947,neutral
t2948,neutral
t2949,negative
t2950,neutral
t2951,neutral
t2952,neutral
t2953,negative
t2954,neutral
t2955,neutral
t2956,neutral
t2957,neutral
t2958,neutral
t2959,neutral
t2960,neutral
t2961,neutral
t2962,neutral
t2963,neutral
t2964,neutral
t2965,neutral
t2966,neutral
t2967,neutral
t2968,neutral
t2969,neutral
t2970,neutral
t2971,neutral
t2972,neutral
t2973,neutral
t2974,neutral
t2975,neutral
t2976,neutral
t2977,neutral
t2978,neutral
t2979,neutral
t2980,neutral
t2981,neutral
t2982,neutral
t2983,neutral
t2984,neutral
t2985,neutral
t2986,neutral
t2987,neutral
t2988,neutral
t2989,neutral
t2990,neutral
t2991,neutral
t2992,neutral
t2993,neutral
t2994,neutral
t2995,neutral
t2996,neutral
t2997,neutral
t2998,neutral
t2999,neutral
t3000,neutral
t3001,neutral
t3002,neutral
t3003,neutral
t3004,neutral
t3005,neutral
t3006,neutral
t3007,neutral
t3008,neutral
t3009,neutral
t3010,neutral
t3011,neutral
t3012,neutral
t3013,neutral
t3014,neutral
t3015,neutral
t3016,neutral
t3017,neutral
t3018,neutral
t3019,neutral
t3020,neutral
t3021,neutral
t3022,neutral
t3023,neutral
t3024,neutral
t3025,neutral
t3026,neutral
t3027,neutral
t3028,neutral
t3029,neutral
t3030,neutral
t3031,neutral
t3032,neutral
t3033,neutral
t3034,neutral
t3035,neutral
t3036,neutral
t3037,neutral
t3038,neutral
t3039,neutral
t3040,neutral
t3041,neutral
t3042,neutral
t3043,neutral
t3044,negative
t3045,neutral
t3046,neutral
t3047,neutral
t3048,neutral
t3049,neutral
t3050,neutral
t3051,neutral
t3052,neutral
t3053,neutral
t3054,neutral
t3055,neutral
t3056,neutral
t3057,neutral
t3058,neutral
t3059,neutral
t3060,neutral
t3061,neutral
t3062,neutral
t3063,neutral
t3064,neutral
t3065,neutral
t3066,neutral
t3067,neutral
t3068,neutral
t3069,neutral
t3070,neutral
t3071,neutral
t3072,neutral
t3073,neutral
t3074,neutral
t3075,neutral
t3076,neutral
t3077,negative
t3078,neutral
t3079,neutral
t3080,neutral
t3081,neutral
t3082,neutral
t3083,neutral
t3084,neutral
t3085,neutral
t3086,neutral
t3087,neutral
t3088,neutral
t3089,neutral
t3090,neutral
t3091,neutral
t3092,neutral
t3093,neutral
t3094,neutral
t3095,neutral
t3096,neutral
t3097,negative
t3098,neutral
t3099,neutral
t3100,neutral
t3101,neutral
t3102,neutral
t3103,neutral
t3104,neutral
t3105,neutral
t3106,negative
t3107,neutral
t3108,neutral
t3109,neutral
t3110,neutral
t3111,neutral
t3112,neutral
t3113,neutral
t3114,neutral
t3115,neutral
t3116,neutral
t3117,neutral
t3118,negative
t3119,neutral
t3120,neutral
t3121,neutral
t3122,neutral
t3123,neutral
t3124,neutral
t3125,neutral
t3126,neutral
t3127,neutral
t3128,neutral
t3129,neutral
t3130,positive
t3131,neutral
t3132,neutral
t3133,neutral
t3134,neutral
t3135,neutral
t3136,neutral
t3137,neutral
t3138,negative
t3139,neutral
t3140,neutral
t3141,neutral
t3142,neutral
t3143,neutral
t3144,negative
t3145,neutral
t3146,neutral
t3147,neutral
t3148,neutral
t3149,neutral
t3150,neutral
t3151,neutral
t3152,neutral
t3153,neutral
t3154,neutral
t3155,neutral
t3156,neutral
t3157,neutral
t3158,neutral
t3159,neutral
t3160,neutral
t3161,negative
t3162,neutral
t3163,neutral
t3164,neutral
t3165,neutral
t3166,neutral
t3167,neutral
t3168,neutral
t3169,negative
t3170,neutral
t3171,neutral
t3172,neutral
t3173,neutral
t3174,neutral
t3175,neutral
t3176,neutral
t3177,neutral
t3178,neutral
t3179,neutral
t3180,neutral
t3181,neutral
t3182,neutral
t3183,neutral
t3184,neutral
t3185,neutral
t3186,neutral
t3187,neutral
t3188,neutral
t3189,neutral
t3190,neutral
t3191,neutral
t3192,neutral
t3193,neutral
t3194,neutral
t3195,neutral
t3196,neutral
t3197,neutral
t3198,neutral
t3199,neutral
t3200,neutral
t3201,neutral
t3202,neutral
t3203,neutral
t3204,neutral
t3205,neutral
t3206,neutral
t3207,neutral
t3208,neutral
t3209,neutral
t3210,neutral
t3211,negative
t3212,neutral
t3213,neutral
t3214,neutral
t3215,neutral
t3216,negative
t3217,neutral
t3218,neutral
t3219,neutral
t3220,neutral
t3221,neutral
t3222,neutral
t3223,neutral
t3224,neutral
t3225,neutral
t3226,neutral
t3227,neutral
t3228,neutral
t3229,negative
t3230,neutral
t3231,neutral
t3232,neutral
t3233,neutral
t3234,neutral
t3235,neutral
t3236,negative
t3237,neutral
t3238,neutral
t3239,neutral
t3240,neutral
t3241,neutral
t3242,neutral
t3243,neutral
t3244,neutral
t3245,neutral
t3246,neutral
t3247,neutral
t3248,neutral
t3249,neutral
t3250,neutral
t3251,neutral
t3252,neutral
t3253,neutral
t3254,neutral
t3255,neutral
t3256,neutral
t3257,neutral
t3258,neutral
t3259,neutral
t3260,neutral
t3261,neutral
t3262,neutral
t3263,neutral
t3264,neutral
t3265,neutral
t3266,neutral
t3267,neutral
t3268,neutral
t3269,neutral
t3270,neutral
t3271,neutral
t3272,neutral
t3273,neutral
t3274,neutral
t3275,neutral
t3276,neutral
t3277,neutral
t3278,neutral
t3279,neutral
t3280,neutral
t3281,neutral
t3282,neutral
t3283,neutral
t3284,positive
t3285,neutral
t3286,neutral
t3287,neutral
t3288,neutral
t3289,neutral
t3290,neutral
t3291,neutral
t3292,neutral
t3293,neutral
t3294,neutral
t3295,neutral
t3296,neutral
t3297,neutral
t3298,neutral
t3299,neutral
t3300,neutral
t3301,neutral
t3302,neutral
t3303,neutral
t3304,neutral
t3305,neutral
t3306,neutral
t3307,neutral
t3308,neutral
t3309,neutral
t3310,neutral
t3311,neutral
t3312,negative
t3313,neutral
t3314,negative
t3315,neutral
t3316,neutral
t3317,neutral
t3318,neutral
t3319,neutral
t3320,neutral
t3321,neutral
t3322,neutral
t3323,neutral
t3324,neutral
t3325,neutral
t3326,neutral
t3327,neutral
t3328,neutral
t3329,neutral
t3330,neutral
t3331,neutral
t3332,negative
t3333,neutral
t3334,neutral
t3335,neutral
t3336,neutral
t3337,positive
t3338,neutral
t3339,positive
t3340,neutral
t3341,neutral
t3342,negative
t3343,neutral
t3344,neutral
t3345,neutral
t3346,neutral
t3347,neutral
t3348,neutral
t3349,neutral
t3350,neutral
t3351,neutral
t3352,neutral
t3353,neutral
t3354,negative
t3355,negative
t3356,neutral
t3357,neutral
t3358,negative
t3359,neutral
t3360,neutral
t3361,neutral
t3362,neutral
t3363,neutral
t3364,neutral
t3365,positive
t3366,neutral
t3367,neutral
t3368,negative
t3369,neutral
t3370,neutral
t3371,neutral
t3372,positive
t3373,neutral
t3374,neutral
t3375,neutral
t3376,neutral
t3377,neutral
t3378,neutral
t3379,neutral
t3380,neutral
t3381,neutral
t3382,neutral
t3383,neutral
t3384,neutral
t3385,neutral
t3386,neutral
t3387,neutral
t3388,neutral
t3389,neutral
t3390,neutral
t3391,neutral
t3392,neutral
t3393,neutral
t3394,neutral
t3395,neutral
t3396,neutral
t3397,neutral
t3398,neutral
t3399,neutral
t3400,neutral
t3401,neutral
t3402,positive
t3403,neutral
t3404,neutral
t3405,neutral
t3406,neutral
t3407,neutral
t3408,neutral
t3409,neutral
t3410,neutral
t3411,neutral
t3412,neutral
t3413,neutral
t3414,neutral
t3415,neutral
t3416,neutral
t3417,neutral
t3418,neutral
t3419,neutral
t3420,neutral
t3421,neutral
t3422,neutral
t3423,neutral
t3424,neutral
t3425,positive
t3426,neutral
t3427,neutral
t3428,neutral
t3429,neutral
t3430,negative
t3431,neutral
t3432,neutral
t3433,neutral
t3434,neutral
t3435,neutral
t3436,neutral
t3437,neutral
t3438,positive
t3439,positive
t3440,neutral
t3441,neutral
t3442,neutral
t3443,neutral
t3444,neutral
t3445,neutral
t3446,neutral
t3447,neutral
t3448,neutral
t3449,neutral
t3450,neutral
t3451,neutral
t3452,positive
t3453,neutral
t3454,neutral
t3455,neutral
t3456,neutral
t3457,neutral
t3458,neutral
t3459,positive
t3460,positive
t3461,positive
t3462,neutral
t3463,negative
t3464,neutral
t3465,neutral
t3466,neutral
t3467,neutral
t3468,neutral
t3469,neutral
t3470,neutral
t3471,neutral
t3472,neutral
t3473,neutral
t3474,neutral
t3475,neutral
t3476,positive
t3477,neutral
t3478,positive
t3479,neutral
t3480,neutral
t3481,neutral
t3482,neutral
t3483,neutral
t3484,neutral
t3485,neutral
t3486,neutral
t3487,neutral
t3488,neutral
t3489,neutral
t3490,neutral
t3491,positive
t3492,neutral
t3493,neutral
t3494,neutral
t3495,negative
t3496,neutral
t3497,neutral
t3498,neutral
t3499,neutral
t3500,neutral
t3501,neutral
t3502,neutral
t3503,neutral
t3504,neutral
t3505,neutral
t3506,neutral
t3507,neutral
t3508,neutral
t3509,neutral
t3510,negative
t3511,neutral
t3512,neutral
t3513,neutral
t3514,neutral
t3515,positive
t3516,positive
t3517,neutral
t3518,neutral
t3519,negative
t3520,neutral
t3521,negative
t3522,neutral
t3523,neutral
t3524,neutral
t3525,neutral
t3526,neutral
t3527,positive
t3528,neutral
t3529,negative
t3530,neutral
t3531,neutral
t3532,neutral
t3533,neutral
t3534,positive
t3535,neutral
t3536,neutral
t3537,neutral
t3538,neutral
t3539,neutral
t3540,neutral
t3541,positive
t3542,neutral
t3543,neutral
t3544,neutral
t3545,positive
t3546,negative
t3547,positive
t3548,neutral
t3549,neutral
t3550,neutral
t3551,neutral
t3552,neutral
t3553,neutral
t3554,neutral
t3555,neutral
t3556,neutral
t3557,neutral
t3558,neutral
t3559,neutral
t3560,neutral
t3561,neutral
t3562,neutral
t3563,neutral
t3564,neutral
t3565,neutral
t3566,neutral
t3567,neutral
t3568,neutral
t3569,neutral
t3570,neutral
t3571,neutral
t3572,neutral
t3573,neutral
t3574,neutral
t3575,neutral
t3576,neutral
t3577,negative
t3578,positive
t3579,neutral
t3580,neutral
t3581,neutral
t3582,neutral
t3583,neutral
t3584,neutral
t3585,neutral
t3586,neutral
t3587,neutral
t3588,neutral
t3589,neutral
t3590,neutral
t3591,neutral
t3592,positive
t3593,neutral
t3594,neutral
t3595,neutral
t3596,neutral
t3597,neutral
t3598,neutral
t3599,neutral
t3600,neutral
t3601,neutral
t3602,positive
t3603,neutral
t3604,neutral
t3605,neutral
t3606,neutral
t3607,neutral
t3608,neutral
t3609,neutral
t3610,neutral
t3611,neutral
t3612,neutral
t3613,positive
t3614,neutral
t3615,neutral
t3616,neutral
t3617,neutral
t3618,neutral
t3619,neutral
t3620,neutral
t3621,neutral
t3622,neutral
t3623,neutral
t3624,neutral
t3625,neutral
t3626,neutral
t3627,neutral
t3628,neutral
t3629,neutral
t3630,neutral
t3631,neutral
t3632,neutral
t3633,neutral
t3634,neutral
t3635,neutral
t3636,neutral
t3637,neutral
t3638,neutral
t3639,neutral
t3640,neutral
t3641,neutral
t3642,neutral
t3643,neutral
t3644,neutral
t3645,neutral
t3646,neutral
t3647,neutral
t3648,neutral
t3649,neutral
t3650,neutral
t3651,neutral
t3652,neutral
t3653,neutral
t3654,neutral
t3655,neutral
t3656,neutral
t3657,neutral
t3658,neutral
t3659,neutral
t3660,neutral
t3661,neutral
t3662,neutral
t3663,neutral
t3664,neutral
t3665,neutral
t3666,neutral
t3667,neutral
t3668,neutral
t3669,neutral
t3670,neutral
t3671,neutral
t3672,neutral
t3673,neutral
t3674,neutral
t3675,neutral
t3676,neutral
t3677,neutral
t3678,neutral
t3679,neutral
t3680,neutral
t3681,positive
t3682,neutral
t3683,neutral
t3684,neutral
t3685,neutral
t3686,neutral
t3687,neutral
t3688,neutral
t3689,neutral
t3690,neutral
t3691,neutral
t3692,neutral
t3693,neutral
t3694,neutral
t3695,neutral
t3696,neutral
t3697,neutral
t3698,neutral
t3699,neutral
t3700,neutral
t3701,neutral
t3702,neutral
t3703,neutral
t3704,neutral
t3705,neutral
t3706,neutral
t3707,neutral
t3708,neutral
t3709,neutral
t3710,neutral
t3711,neutral
t3712,neutral
t3713,neutral
t3714,neutral
t3715,neutral
t3716,negative
t3717,neutral
t3718,neutral
t3719,neutral
t3720,neutral
t3721,neutral
t3722,neutral
t3723,neutral
t3724,positive
t3725,neutral
t3726,neutral
t3727,neutral
t3728,neutral
t3729,neutral
t3730,neutral
t3731,neutral
t3732,neutral
t3733,neutral
t3734,neutral
t3735,neutral
t3736,neutral
t3737,negative
t3738,neutral
t3739,neutral
t3740,neutral
t3741,neutral
t3742,neutral
t3743,neutral
t3744,neutral
t3745,neutral
t3746,neutral
t3747,neutral
t3748,neutral
t3749,neutral
t3750,neutral
t3751,neutral
t3752,positive
t3753,neutral
t3754,neutral
t3755,neutral
t3756,neutral
t3757,neutral
t3758,neutral
t3759,neutral
t3760,positive
t3761,neutral
t3762,neutral
t3763,neutral
t3764,neutral
t3765,neutral
t3766,neutral
t3767,neutral
t3768,neutral
t3769,neutral
t3770,neutral
t3771,neutral
t3772,neutral
t3773,neutral
t3774,neutral
t3775,neutral
t3776,neutral
t3777,neutral
t3778,neutral
t3779,neutral
t3780,neutral
t3781,neutral
t3782,neutral
t3783,neutral
t3784,neutral
t3785,neutral
t3786,neutral
t3787,neutral
t3788,neutral
t3789,neutral
t3790,neutral
t3791,neutral
t3792,neutral
t3793,neutral
t3794,neutral
t3795,positive
t3796,neutral
t3797,neutral
t3798,neutral
t3799,neutral
t3800,neutral
t3801,neutral
t3802,neutral
t3803,neutral
t3804,neutral
t3805,neutral
t3806,neutral
t3807,neutral
t3808,neutral
t3809,neutral
t3810,neutral
t3811,neutral
t3812,neutral
t3813,neutral
t3814,negative
t3815,neutral
t3816,neutral
t3817,neutral
t3818,neutral
t3819,neutral
t3820,neutral
t3821,neutral
t3822,neutral
t3823,neutral
t3824,neutral
t3825,neutral
t3826,neutral
t3827,neutral
t3828,neutral
t3829,neutral
t3830,negative
t3831,neutral
t3832,neutral
t3833,neutral
t3834,neutral
t3835,negative
t3836,neutral
t3837,neutral
t3838,neutral
t3839,neutral
t3840,neutral
t3841,neutral
t3842,neutral
t3843,neutral
t3844,neutral
t3845,positive
t3846,neutral
t3847,neutral
t3848,neutral
t3849,neutral
t3850,neutral
t3851,positive
t3852,neutral
t3853,neutral
t3854,neutral
t3855,neutral
t3856,neutral
t3857,neutral
t3858,neutral
t3859,neutral
t3860,neutral
t3861,neutral
t3862,neutral
t3863,neutral
t3864,neutral
t3865,neutral
t3866,neutral
t3867,neutral
t3868,neutral
t3869,neutral
t3870,negative
t3871,neutral
t3872,neutral
t3873,neutral
t3874,neutral
t3875,neutral
t3876,neutral
t3877,neutral
t3878,neutral
t3879,neutral
t3880,neutral
t3881,neutral
t3882,neutral
t3883,neutral
t3884,neutral
t3885,neutral
t3886,neutral
t3887,neutral
t3888,neutral
t3889,neutral
t3890,neutral
t3891,neutral
t3892,neutral
t3893,negative
t3894,negative
t3895,neutral
t3896,neutral
t3897,neutral
t3898,neutral
t3899,neutral
t3900,negative
t3901,neutral
t3902,neutral
t3903,neutral
t3904,neutral
t3905,neutral
t3906,neutral
t3907,neutral
t3908,neutral
t3909,neutral
t3910,neutral
t3911,neutral
t3912,neutral
t3913,neutral
t3914,neutral
t3915,neutral
t3916,neutral
t3917,neutral
t3918,neutral
t3919,negative
t3920,neutral
t3921,neutral
t3922,neutral
t3923,neutral
t3924,neutral
t3925,positive
t3926,neutral
t3927,neutral
t3928,neutral
t3929,neutral
t3930,neutral
t3931,neutral
t3932,neutral
t3933,neutral
t3934,neutral
t3935,neutral
t3936,neutral
t3937,neutral
t3938,neutral
t3939,neutral
t3940,neutral
t3941,neutral
t3942,neutral
t3943,neutral
t3944,neutral
t3945,neutral
t3946,neutral
t3947,neutral
t3948,neutral
t3949,neutral
t3950,neutral
t3951,neutral
t3952,neutral
t3953,neutral
t3954,neutral
t3955,neutral
t3956,neutral
t3957,neutral
t3958,neutral
t3959,neutral
t3960,neutral
t3961,neutral
t3962,neutral
t3963,neutral
t3964,neutral
t3965,neutral
t3966,neutral
t3967,neutral
t3968,neutral
t3969,neutral
t3970,neutral
t3971,neutral
t3972,neutral
t3973,neutral
t3974,neutral
t3975,neutral
t3976,neutral
t3977,neutral
t3978,neutral
t3979,neutral
t3980,neutral
t3981,neutral
t3982,neutral
t3983,neutral
t3984,neutral
t3985,neutral
t3986,neutral
t3987,neutral
t3988,neutral
t3989,neutral
t3990,neutral
t3991,neutral
t3992,neutral
t3993,neutral
t3994,neutral
t3995,neutral
t3996,neutral
t3997,neutral
t3998,neutral
t3999,neutral
t4000,neutral
t4001,neutral
t4002,neutral
t4003,neutral
t4004,neutral
t4005,positive
t4006,neutral
t4007,neutral
t4008,neutral
t4009,neutral
t4010,neutral
t4011,neutral
t4012,neutral
t4013,neutral
t4014,neutral
t4015,neutral
t4016,neutral
t4017,neutral
t4018,neutral
t4019,neutral
t4020,neutral
t4021,neutral
t4022,neutral
t4023,neutral
t4024,neutral
t4025,neutral
t4026,neutral
t4027,neutral
t4028,neutral
t4029,neutral
t4030,neutral
t4031,neutral
t4032,neutral
t4033,neutral
t4034,neutral
t4035,neutral
t4036,neutral
t4037,neutral
t4038,neutral
t4039,neutral
t4040,neutral
t4041,positive
t4042,neutral
t4043,negative
t4044,neutral
t4045,neutral
t4046,neutral
t4047,neutral
t4048,neutral
t4049,neutral
t4050,neutral
t4051,neutral
t4052,neutral
t4053,negative
t4054,neutral
t4055,neutral
t4056,neutral
t4057,neutral
t4058,neutral
t4059,neutral
t4060,neutral
t4061,neutral
t4062,neutral
t4063,neutral
t4064,neutral
t4065,neutral
t4066,neutral
t4067,neutral
t4068,neutral
t4069,neutral
t4070,neutral
t4071,neutral
t4072,neutral
t4073,neutral
t4074,neutral
t4075,neutral
t4076,neutral
t4077,neutral
t4078,neutral
t4079,neutral
t4080,neutral
t4081,neutral
t4082,neutral
t4083,neutral
t4084,neutral
t4085,neutral
t4086,neutral
t4087,neutral
t4088,neutral
t4089,neutral
t4090,neutral
t4091,neutral
t4092,neutral
t4093,neutral
t4094,neutral
t4095,neutral
t4096,neutral
t4097,neutral
t4098,neutral
t4099,neutral
t4100,neutral
t4101,neutral
t4102,neutral
t4103,neutral
t4104,neutral
t4105,neutral
t4106,neutral
t4107,neutral
t4108,neutral
t4109,neutral
t4110,neutral
t4111,neutral
t4112,neutral
t4113,neutral
t4114,neutral
t4115,neutral
t4116,neutral
t4117,neutral
t4118,neutral
t4119,neutral
t4120,neutral
t4121,neutral
t4122,neutral
t4123,neutral
t4124,neutral
t4125,neutral
t4126,neutral
t4127,neutral
t4128,neutral
t4129,neutral
t4130,neutral
t4131,neutral
t4132,neutral
t4133,neutral
t4134,neutral
t4135,neutral
t4136,neutral
t4137,neutral
t4138,neutral
t4139,neutral
t4140,neutral
t4141,neutral
t4142,neutral
t4143,neutral
t4144,neutral
t4145,neutral
t4146,neutral
t4147,neutral
t4148,neutral
t4149,neutral
t4150,neutral
t4151,neutral
t4152,negative
t4153,neutral
t4154,neutral
t4155,neutral
t4156,neutral
t4157,neutral
t4158,neutral
t4159,neutral
t4160,neutral
t4161,neutral
t4162,neutral
t4163,neutral
t4164,neutral
t4165,neutral
t4166,neutral
t4167,neutral
t4168,neutral
t4169,neutral
t4170,neutral
t4171,neutral
t4172,neutral
t4173,neutral
t4174,neutral
t4175,neutral
t4176,neutral
t4177,neutral
t4178,neutral
t4179,neutral
t4180,neutral
t4181,neutral
t4182,neutral
t4183,neutral
t4184,neutral
t4185,neutral
t4186,neutral
t4187,neutral
t4188,neutral
t4189,neutral
t4190,neutral
t4191,neutral
t4192,neutral
t4193,neutral
t4194,neutral
t4195,neutral
t4196,neutral
t4197,neutral
t4198,neutral
t4199,neutral
t4200,neutral
t4201,neutral
t4202,neutral
t4203,neutral
t4204,neutral
t4205,neutral
t4206,neutral
t4207,neutral
t4208,neutral
t4209,neutral
t4210,neutral
t4211,neutral
t4212,neutral
t4213,neutral
t4214,neutral
t4215,neutral
t4216,neutral
t4217,neutral
t4218,neutral
t4219,neutral
t4220,neutral
t4221,neutral
t4222,neutral
t4223,neutral
t4224,neutral
t4225,neutral
t4226,neutral
t4227,neutral
t4228,positive
t4229,neutral
t4230,neutral
t4231,neutral
t4232,neutral
t4233,neutral
t4234,negative
t4235,neutral
t4236,positive
t4237,neutral
t4238,neutral
t4239,neutral
t4240,neutral
t4241,neutral
t4242,neutral
t4243,neutral
t4244,neutral
t4245,neutral
t4246,neutral
t4247,neutral
t4248,positive
t4249,neutral
t4250,neutral
t4251,neutral
t4252,neutral
t4253,neutral
t4254,neutral
t4255,neutral
t4256,neutral
t4257,neutral
t4258,neutral
t4259,neutral
t4260,neutral
t4261,neutral
t4262,neutral
t4263,positive
t4264,neutral
t4265,neutral
t4266,neutral
t4267,neutral
t4268,neutral
t4269,neutral
t4270,neutral
t4271,neutral
t4272,neutral
t4273,neutral
t4274,neutral
t4275,neutral
t4276,neutral
t4277,neutral
t4278,neutral
t4279,positive
t4280,neutral
t4281,neutral
t4282,neutral
t4283,neutral
t4284,neutral
t4285,neutral
t4286,neutral
t4287,neutral
t4288,neutral
t4289,neutral
t4290,neutral
t4291,neutral
t4292,neutral
t4293,neutral
t4294,neutral
t4295,neutral
t4296,neutral
t4297,neutral
t4298,neutral
t4299,neutral
t4300,neutral
t4301,neutral
t4302,neutral
t4303,neutral
t4304,neutral
t4305,neutral
t4306,neutral
t4307,neutral
t4308,neutral
t4309,neutral
t4310,neutral
t4311,positive
t4312,neutral
t4313,neutral
t4314,neutral
t4315,neutral
t4316,neutral
t4317,neutral
t4318,neutral
t4319,neutral
t4320,neutral
t4321,neutral
t4322,positive
t4323,neutral
t4324,neutral
t4325,neutral
t4326,neutral
t4327,neutral
t4328,neutral
t4329,neutral
t4330,neutral
t4331,neutral
t4332,positive
t4333,neutral
t4334,neutral
t4335,neutral
t4336,neutral
t4337,neutral
t4338,neutral
t4339,neutral
t4340,neutral
t4341,neutral
t4342,neutral
t4343,neutral
t4344,neutral
t4345,neutral
t4346,neutral
t4347,neutral
t4348,neutral
t4349,neutral
t4350,neutral
t4351,neutral
t4352,neutral
t4353,neutral
t4354,neutral
t4355,neutral
t4356,neutral
t4357,neutral
t4358,neutral
t4359,neutral
t4360,neutral
t4361,neutral
t4362,neutral
t4363,positive
t4364,neutral
t4365,neutral
t4366,neutral
t4367,neutral
t4368,neutral
t4369,neutral
t4370,neutral
t4371,neutral
t4372,neutral
t4373,positive
t4374,neutral
t4375,neutral
t4376,neutral
t4377,neutral
t4378,neutral
t4379,neutral
t4380,neutral
t4381,neutral
t4382,positive
t4383,neutral
t4384,neutral
t4385,neutral
t4386,neutral
t4387,neutral
t4388,neutral
t4389,neutral
t4390,neutral
t4391,neutral
t4392,neutral
t4393,neutral
t4394,neutral
t4395,neutral
t4396,neutral
t4397,neutral
t4398,neutral
t4399,neutral
t4400,neutral
t4401,neutral
t4402,neutral
t4403,neutral
t4404,neutral
t4405,neutral
t4406,negative
t4407,neutral
t4408,neutral
t4409,neutral
t4410,negative
t4411,neutral
t4412,neutral
t4413,neutral
t4414,neutral
t4415,negative
t4416,neutral
t4417,neutral
t4418,neutral
t4419,neutral
t4420,neutral
t4421,neutral
t4422,neutral
t4423,neutral
t4424,neutral
t4425,neutral
t4426,neutral
t4427,neutral
t4428,neutral
t4429,neutral
t4430,neutral
t4431,neutral
t4432,neutral
t4433,neutral
t4434,neutral
t4435,neutral
t4436,neutral
t4437,neutral
t4438,neutral
t4439,neutral
t4440,neutral
t4441,neutral
t4442,neutral
t4443,neutral
t4444,neutral
t4445,neutral
t4446,neutral
t4447,neutral
t4448,negative
t4449,neutral
t4450,neutral
t4451,neutral
t4452,positive
t4453,neutral
t4454,neutral
t4455,neutral
t4456,neutral
t4457,neutral
t4458,neutral
t4459,neutral
t4460,neutral
t4461,neutral
t4462,neutral
t4463,negative
t4464,neutral
t4465,neutral
t4466,neutral
t4467,negative
t4468,neutral
t4469,neutral
t4470,neutral
t4471,neutral
t4472,neutral
t4473,neutral
t4474,neutral
t4475,neutral
t4476,neutral
t4477,neutral
t4478,neutral
t4479,neutral
t4480,neutral
t4481,neutral
t4482,neutral
t4483,neutral
t4484,neutral
t4485,neutral
t4486,neutral
t4487,neutral
t4488,neutral
t4489,neutral
t4490,neutral
t4491,neutral
t4492,neutral
t4493,neutral
t4494,neutral
t4495,neutral
t4496,neutral
t4497,neutral
t4498,neutral
t4499,neutral
t4500,neutral
t4501,neutral
t4502,positive
t4503,neutral
t4504,neutral
t4505,neutral
t4506,negative
t4507,neutral
t4508,neutral
t4509,neutral
t4510,neutral
t4511,negative
t4512,neutral
t4513,neutral
t4514,neutral
t4515,neutral
t4516,neutral
t4517,neutral
t4518,neutral
t4519,neutral
t4520,neutral
t4521,neutral
t4522,neutral
t4523,neutral
t4524,neutral
t4525,neutral
t4526,neutral
t4527,neutral
t4528,neutral
t4529,neutral
t4530,neutral
t4531,neutral
t4532,neutral
t4533,neutral
t4534,neutral
t4535,neutral
t4536,neutral
t4537,neutral
t4538,neutral
t4539,neutral
t4540,neutral
t4541,neutral
t4542,neutral
t4543,neutral
t4544,neutral
t4545,neutral
t4546,positive
t4547,neutral
t4548,neutral
t4549,neutral
t4550,neutral
t4551,neutral
t4552,neutral
t4553,neutral
t4554,neutral
t4555,neutral
t4556,neutral
t4557,positive
t4558,neutral
t4559,neutral
t4560,neutral
t4561,positive
t4562,neutral
t4563,neutral
t4564,neutral
t4565,positive
t4566,positive
t4567,neutral
t4568,neutral
t4569,neutral
t4570,neutral
t4571,neutral
t4572,neutral
t4573,neutral
t4574,neutral
t4575,neutral
t4576,neutral
t4577,neutral
t4578,neutral
t4579,neutral
t4580,neutral
t4581,neutral
t4582,neutral
t4583,neutral
t4584,neutral
t4585,neutral
t4586,neutral
t4587,neutral
t4588,neutral
t4589,neutral
t4590,neutral
t4591,neutral
t4592,neutral
t4593,neutral
t4594,neutral
t4595,negative
t4596,neutral
t4597,neutral
t4598,neutral
t4599,neutral
t4600,neutral
t4601,neutral
t4602,neutral
t4603,neutral
t4604,neutral
t4605,neutral
t4606,neutral
t4607,neutral
t4608,neutral
t4609,neutral
t4610,neutral
t4611,negative
t4612,negative
t4613,neutral
t4614,neutral
t4615,neutral
t4616,neutral
t4617,neutral
t4618,neutral
t4619,neutral
t4620,neutral
t4621,neutral
t4622,neutral
t4623,neutral
t4624,neutral
t4625,neutral
t4626,neutral
t4627,neutral
t4628,positive
t4629,neutral
t4630,neutral
t4631,neutral
t4632,neutral
t4633,neutral
t4634,neutral
t4635,neutral
t4636,neutral
t4637,neutral
t4638,neutral
t4639,neutral
t4640,neutral
t4641,negative
t4642,neutral
t4643,neutral
t4644,neutral
t4645,neutral
t4646,neutral
t4647,neutral
t4648,neutral
t4649,neutral
t4650,neutral
t4651,neutral
t4652,neutral
t4653,neutral
t4654,neutral
t4655,neutral
t4656,negative
t4657,neutral
t4658,neutral
t4659,neutral
t4660,neutral
t4661,neutral
t4662,neutral
t4663,positive
t4664,neutral
t4665,neutral
t4666,neutral
t4667,neutral
t4668,neutral
t4669,neutral
t4670,neutral
t4671,neutral
t4672,neutral
t4673,neutral
t4674,negative
t4675,negative
t4676,positive
t4677,neutral
t4678,neutral
t4679,neutral
t4680,neutral
t4681,neutral
t4682,neutral
t4683,neutral
t4684,neutral
t4685,neutral
t4686,neutral
t4687,neutral
t4688,neutral
t4689,neutral
t4690,neutral
t4691,neutral
t4692,neutral
t4693,neutral
t4694,neutral
t4695,neutral
t4696,neutral
t4697,neutral
t4698,neutral
t4699,neutral
t4700,neutral
t4701,negative
t4702,neutral
t4703,positive
t4704,neutral
t4705,neutral
t4706,neutral
t4707,neutral
t4708,neutral
t4709,neutral
t4710,neutral
t4711,neutral
t4712,neutral
t4713,neutral
t4714,neutral
t4715,neutral
t4716,neutral
t4717,neutral
t4718,neutral
t4719,neutral
t4720,neutral
t4721,negative
t4722,neutral
t4723,neutral
t4724,neutral
t4725,neutral
t4726,neutral
t4727,negative
t4728,neutral
t4729,negative
t4730,neutral
t4731,negative
t4732,neutral
t4733,neutral
t4734,neutral
t4735,neutral
t4736,neutral
t4737,neutral
t4738,neutral
t4739,neutral
t4740,neutral
t4741,neutral
t4742,neutral
t4743,neutral
t4744,neutral
t4745,neutral
t4746,neutral
t4747,positive
t4748,neutral
t4749,neutral
t4750,neutral
t4751,neutral
t4752,neutral
t4753,neutral
t4754,neutral
t4755,neutral
t4756,neutral
t4757,neutral
t4758,neutral
t4759,neutral
t4760,neutral
t4761,neutral
t4762,neutral
t4763,neutral
t4764,neutral
t4765,neutral
t4766,negative
t4767,negative
t4768,neutral
t4769,neutral
t4770,negative
t4771,neutral
t4772,neutral
t4773,neutral
t4774,neutral
t4775,neutral
t4776,negative
t4777,neutral
t4778,neutral
t4779,negative
t4780,neutral
t4781,neutral
t4782,negative
t4783,neutral
t4784,neutral
t4785,positive
t4786,neutral
t4787,neutral
t4788,neutral
t4789,neutral
t4790,neutral
t4791,neutral
t4792,neutral
t4793,neutral
t4794,neutral
t4795,neutral
t4796,neutral
t4797,neutral
t4798,neutral
t4799,neutral
t4800,neutral
t4801,neutral
t4802,neutral
t4803,neutral
t4804,negative
t4805,neutral
t4806,neutral
t4807,neutral
t4808,positive
t4809,neutral
t4810,neutral
t4811,neutral
t4812,neutral
t4813,neutral
t4814,neutral
t4815,neutral
t4816,neutral
t4817,negative
t4818,neutral
t4819,neutral
t4820,neutral
t4821,neutral
t4822,neutral
t4823,neutral
t4824,neutral
t4825,neutral
t4826,neutral
t4827,neutral
t4828,neutral
t4829,neutral
t4830,neutral
t4831,neutral
t4832,neutral
t4833,neutral
t4834,neutral
t4835,neutral
t4836,negative
t4837,neutral
t4838,neutral
t4839,neutral
t4840,neutral
t4841,positive
t4842,neutral
t4843,neutral
t4844,neutral
t4845,neutral
t4846,neutral
t4847,positive
t4848,neutral
t4849,neutral
t4850,neutral
t4851,neutral
t4852,negative
t4853,negative
t4854,neutral
t4855,neutral
t4856,neutral
t4857,neutral
t4858,neutral
t4859,neutral
t4860,neutral
t4861,neutral
t4862,neutral
t4863,neutral
t4864,neutral
t4865,neutral
t4866,neutral
t4867,neutral
t4868,neutral
t4869,neutral
t4870,positive
t4871,neutral
t4872,neutral
t4873,neutral
t4874,neutral
t4875,neutral
t4876,neutral
t4877,neutral
t4878,neutral
t4879,neutral
t4880,neutral
t4881,neutral
t4882,neutral
t4883,neutral
t4884,neutral
t4885,neutral
t4886,positive
t4887,neutral
t4888,neutral
t4889,neutral
t4890,positive
t4891,neutral
t4892,neutral
t4893,neutral
t4894,neutral
t4895,neutral
t4896,neutral
t4897,neutral
t4898,neutral
t4899,neutral
t4900,negative
t4901,neutral
t4902,neutral
t4903,neutral
t4904,neutral
t4905,neutral
t4906,neutral
t4907,neutral
t4908,positive
t4909,neutral
t4910,neutral
t4911,neutral
t4912,neutral
t4913,neutral
t4914,neutral
t4915,neutral
t4916,neutral
t4917,neutral
t4918,neutral
t4919,neutral
t4920,neutral
t4921,negative
t4922,neutral
t4923,neutral
t4924,neutral
t4925,neutral
t4926,neutral
t4927,neutral
t4928,neutral
t4929,neutral
t4930,neutral
t4931,neutral
t4932,neutral
t4933,neutral
t4934,neutral
t4935,neutral
t4936,neutral
t4937,neutral
t4938,neutral
t4939,neutral
t4940,neutral
t4941,neutral
t4942,neutral
t4943,neutral
t4944,neutral
t4945,neutral
t4946,neutral
t4947,positive
t4948,positive
t4949,neutral
t4950,neutral
t4951,neutral
t4952,positive
